arm,case_id,trial,category,origin,started_utc,ended_utc,wall_ms,model_call_wall_ms,calls,input_tokens_known_sum,output_tokens_known_sum,unknown_input_token_calls,unknown_output_token_calls,known_usage_calls,unknown_cost_calls,known_estimated_cost_usd,cost_complete,estimated_cost_usd,billed_cost_usd,unknown_billed_cost_calls,repair_wall_ms,repair_billed_cost_usd,repair_events_json,repair_validated,repair_failed,repair_skipped,quote_diagnostic_events,provider_reported_cost_known_sum_usd,provider_reported_cost_calls,gold_status,status,strict_status_correct,actions,quote_exact,model_error,repairs,sources_read,read_failures,validation_errors,semantic_review,raw_trace_file
full_m01,N01,1,no_action,mailex_raw,2026-10-02T13:08:15.896786+00:00,2026-10-02T13:08:19.640405+00:00,3565.407700021751,3564.222599961795,1,1358,105,0,0,1,0,0.0001883,True,0.0001883,0.000222175,0,0,0,[],0,0,0,0,0.000222175,1,no_action,no_action,True,0,True,,0,0,0,0,pending; see semantic_review.csv,rows.jsonl
full_m02,N01,1,no_action,mailex_raw,2026-10-02T13:08:19.640405+00:00,2026-10-02T13:08:30.819931+00:00,10891.512700123712,10890.702400007285,1,1372,536,0,0,1,0,0.00047379999999999997,True,0.00047379999999999997,0.00031602,0,0,0,[],0,0,0,0,0.00031602,1,no_action,no_action,True,0,True,,0,0,0,0,pending; see semantic_review.csv,rows.jsonl
full_m03,N01,1,no_action,mailex_raw,2026-10-02T13:08:30.819931+00:00,2026-10-02T13:08:33.243765+00:00,2108.1154998391867,2106.601999839768,2,3037,180,0,0,2,0,0.0013611,True,0.0013611,0.0013611,0,981.9823999423534,0.0006959,"[{""stage"": ""extraction"", ""initial_error"": ""Expecting value: line 1 column 1 (char 0)"", ""quote_diagnostics"": [], ""attempted"": true, ""outcome"": ""validation_failure"", ""final_error"": ""Expecting value: line 1 column 1 (char 0)""}]",0,1,0,0,0.0013611,2,no_action,needs_review,False,0,True,,1,0,0,1,pending; see semantic_review.csv,rows.jsonl
full_m04,N01,1,no_action,mailex_raw,2026-10-02T13:08:33.243765+00:00,2026-10-02T13:08:42.266404+00:00,8770.898800110444,8768.977200146765,2,3020,711,0,0,2,0,0.00493125,True,0.00493125,0.00493125,0,4750.226700096391,0.002742,"[{""stage"": ""extraction"", ""initial_error"": ""Expecting value: line 1 column 1 (char 0)"", ""quote_diagnostics"": [], ""attempted"": true, ""outcome"": ""validated""}]",1,0,0,0,0.00493125,2,no_action,no_action,True,0,True,,1,0,0,0,pending; see semantic_review.csv,rows.jsonl
full_m05,N01,1,no_action,mailex_raw,2026-10-02T13:08:42.266404+00:00,2026-10-02T13:08:45.062390+00:00,2653.328499989584,2652.198199997656,1,1358,48,0,0,1,0,0.003196,True,0.003196,0.0038735,0,0,0,[],0,0,0,0,0.0038735,1,no_action,no_action,True,0,True,,0,0,0,0,pending; see semantic_review.csv,rows.jsonl
full_m06,N01,1,no_action,mailex_raw,2026-10-02T13:08:45.062390+00:00,2026-10-02T13:08:47.592466+00:00,2387.8169001545757,2387.051400146447,1,2123,99,0,0,1,0,0.005236,True,0.005236,0.005236,0,0,0,[],0,0,0,0,0.005236,1,no_action,no_action,True,0,True,,0,0,0,0,pending; see semantic_review.csv,rows.jsonl
full_m01,N02,1,no_action,mailex_raw,2026-10-02T13:08:47.592466+00:00,2026-10-02T13:08:49.384631+00:00,1689.6518000867218,1688.961600069888,1,1356,94,0,0,1,0,0.0001826,True,0.0001826,8.8085e-05,0,0,0,[],0,0,0,0,8.8085e-05,1,no_action,no_action,True,0,True,,0,0,0,0,pending; see semantic_review.csv,rows.jsonl
full_m02,N02,1,no_action,mailex_raw,2026-10-02T13:08:49.384631+00:00,2026-10-02T13:08:52.397309+00:00,2882.1523999795318,2881.219800096005,1,1371,440,0,0,1,0,0.00042564999999999997,True,0.00042564999999999997,0.00042565,0,0,0,[],0,0,0,0,0.00042565,1,no_action,no_action,True,0,True,,0,0,0,0,pending; see semantic_review.csv,rows.jsonl
full_m03,N02,1,no_action,mailex_raw,2026-10-02T13:08:52.398547+00:00,2026-10-02T13:08:55.317732+00:00,2671.7350999824703,2670.242500025779,2,3067,278,0,0,2,0,0.0016151,True,0.0016151,0.0016151,0,1261.6787001024932,0.0008489,"[{""stage"": ""extraction"", ""initial_error"": ""Expecting value: line 1 column 1 (char 0)"", ""quote_diagnostics"": [], ""attempted"": true, ""outcome"": ""validation_failure"", ""final_error"": ""Expecting value: line 1 column 1 (char 0)""}]",0,1,0,0,0.0016151,2,no_action,needs_review,False,0,True,,1,0,0,1,pending; see semantic_review.csv,rows.jsonl
full_m04,N02,1,no_action,mailex_raw,2026-10-02T13:08:55.317732+00:00,2026-10-02T13:09:04.803214+00:00,9081.123000010848,9079.129399964586,2,3061,857,0,0,2,0,0.0055095000000000005,True,0.0055095000000000005,0.0055095000000000005,0,5059.359700069763,0.0032265,"[{""stage"": ""extraction"", ""initial_error"": ""Expecting value: line 1 column 1 (char 0)"", ""quote_diagnostics"": [], ""attempted"": true, ""outcome"": ""validated""}]",1,0,0,0,0.0055095000000000005,2,no_action,no_action,True,0,True,,1,0,0,0,pending; see semantic_review.csv,rows.jsonl
full_m05,N02,1,no_action,mailex_raw,2026-10-02T13:09:04.803214+00:00,2026-10-02T13:09:08.179844+00:00,3205.6189000140876,3204.896599985659,1,1356,88,0,0,1,0,0.003592,True,0.003592,0.0015901,0,0,0,[],0,0,0,0,0.0015901,1,no_action,no_action,True,0,True,,0,0,0,0,pending; see semantic_review.csv,rows.jsonl
full_m06,N02,1,no_action,mailex_raw,2026-10-02T13:09:08.180995+00:00,2026-10-02T13:09:10.616587+00:00,2293.87130017858,2292.897300212644,1,2112,128,0,0,1,0,0.005504,True,0.005504,0.005504,0,0,0,[],0,0,0,0,0.005504,1,no_action,no_action,True,0,True,,0,0,0,0,pending; see semantic_review.csv,rows.jsonl
full_m01,N03,1,no_action,mailex_raw,2026-10-02T13:09:10.616587+00:00,2026-10-02T13:09:13.834654+00:00,3104.139000060968,3103.1841001240537,1,1286,90,0,0,1,0,0.0001736,True,0.0001736,7.7335e-05,0,0,0,[],0,0,0,0,7.7335e-05,1,no_action,no_action,True,0,True,,0,0,0,0,pending; see semantic_review.csv,rows.jsonl
full_m02,N03,1,no_action,mailex_raw,2026-10-02T13:09:13.834654+00:00,2026-10-02T13:09:22.176153+00:00,8198.38389987126,8197.196999914013,1,1300,1144,0,0,1,0,0.000767,True,0.000767,0.000767,0,0,0,[],0,0,0,0,0.000767,1,no_action,needs_review,False,0,True,,0,0,0,0,pending; see semantic_review.csv,rows.jsonl
full_m03,N03,1,no_action,mailex_raw,2026-10-02T13:09:22.176153+00:00,2026-10-02T13:09:24.649961+00:00,2215.76220006682,2213.8311999151483,2,2873,179,0,0,2,0,0.0013093999999999998,True,0.0013093999999999998,0.0013094,0,1213.4917000075802,0.0006826,"[{""stage"": ""extraction"", ""initial_error"": ""Expecting value: line 1 column 1 (char 0)"", ""quote_diagnostics"": [], ""attempted"": true, ""outcome"": ""validation_failure"", ""final_error"": ""Expecting value: line 1 column 1 (char 0)""}]",0,1,0,0,0.0013094,2,no_action,needs_review,False,0,True,,1,0,0,1,pending; see semantic_review.csv,rows.jsonl
full_m04,N03,1,no_action,mailex_raw,2026-10-02T13:09:24.649961+00:00,2026-10-02T13:09:34.539971+00:00,9656.566300196573,9654.328200151213,2,2863,838,0,0,2,0,0.00528975,True,0.00528975,0.00528975,0,6668.956000125036,0.0034215,"[{""stage"": ""extraction"", ""initial_error"": ""Expecting value: line 1 column 1 (char 0)"", ""quote_diagnostics"": [], ""attempted"": true, ""outcome"": ""validated""}]",1,0,0,0,0.00528975,2,no_action,no_action,True,0,True,,1,0,0,0,pending; see semantic_review.csv,rows.jsonl
full_m05,N03,1,no_action,mailex_raw,2026-10-02T13:09:34.540971+00:00,2026-10-02T13:09:37.248742+00:00,2572.1149999881163,2571.1237001232803,1,1286,48,0,0,1,0,0.003052,True,0.003052,0.0010151,0,0,0,[],0,0,0,0,0.0010151,1,no_action,no_action,True,0,True,,0,0,0,0,pending; see semantic_review.csv,rows.jsonl
full_m06,N03,1,no_action,mailex_raw,2026-10-02T13:09:37.249750+00:00,2026-10-02T13:09:39.701588+00:00,2288.995600072667,2287.8835001029074,1,2008,90,0,0,1,0,0.004916,True,0.004916,0.004916,0,0,0,[],0,0,0,0,0.004916,1,no_action,no_action,True,0,True,,0,0,0,0,pending; see semantic_review.csv,rows.jsonl
full_m01,N04,1,no_action,mailex_raw,2026-10-02T13:09:39.701588+00:00,2026-10-02T13:09:42.828783+00:00,2986.627700040117,2985.724400030449,1,1314,107,0,0,1,0,0.00018489999999999997,True,0.00018489999999999997,8.9335e-05,0,0,0,[],0,0,0,0,8.9335e-05,1,no_action,no_action,True,0,True,,0,0,0,0,pending; see semantic_review.csv,rows.jsonl
full_m02,N04,1,no_action,mailex_raw,2026-10-02T13:09:42.828783+00:00,2026-10-02T13:09:52.742563+00:00,9684.414700022899,9682.397700031288,2,2866,689,0,0,2,0,0.0007744,True,0.0007744,0.0005973,0,5525.577200111002,0.0002189,"[{""stage"": ""extraction"", ""initial_error"": ""Expecting value: line 1 column 1 (char 0)"", ""quote_diagnostics"": [], ""attempted"": true, ""outcome"": ""validated""}]",1,0,0,0,0.0005973,2,no_action,no_action,True,0,True,,1,0,0,0,pending; see semantic_review.csv,rows.jsonl
full_m03,N04,1,no_action,mailex_raw,2026-10-02T13:09:52.744050+00:00,2026-10-02T13:09:55.297581+00:00,2226.2996999779716,2224.8460999689996,2,2925,182,0,0,2,0,0.0013325,True,0.0013325,0.0013325,0,1114.9612000444904,0.0006976,"[{""stage"": ""extraction"", ""initial_error"": ""Expecting value: line 1 column 1 (char 0)"", ""quote_diagnostics"": [], ""attempted"": true, ""outcome"": ""validation_failure"", ""final_error"": ""Expecting value: line 1 column 1 (char 0)""}]",0,1,0,0,0.0013325,2,no_action,needs_review,False,0,True,,1,0,0,1,pending; see semantic_review.csv,rows.jsonl
full_m04,N04,1,no_action,mailex_raw,2026-10-02T13:09:55.298683+00:00,2026-10-02T13:10:04.432977+00:00,8936.489099869505,8934.393599862233,2,2923,724,0,0,2,0,0.00490725,True,0.00490725,0.00490725,0,5161.323699983768,0.00276375,"[{""stage"": ""extraction"", ""initial_error"": ""Expecting value: line 1 column 1 (char 0)"", ""quote_diagnostics"": [], ""attempted"": true, ""outcome"": ""validated""}]",1,0,0,0,0.00490725,2,no_action,no_action,True,0,True,,1,0,0,0,pending; see semantic_review.csv,rows.jsonl
full_m05,N04,1,no_action,mailex_raw,2026-10-02T13:10:04.433946+00:00,2026-10-02T13:10:07.821418+00:00,3252.0362000213936,3251.0168999433517,1,1314,52,0,0,1,0,0.003148,True,0.003148,0.0011251,0,0,0,[],0,0,0,0,0.0011251,1,no_action,no_action,True,0,True,,0,0,0,0,pending; see semantic_review.csv,rows.jsonl
full_m06,N04,1,no_action,mailex_raw,2026-10-02T13:10:07.821418+00:00,2026-10-02T13:10:10.246394+00:00,2279.666900052689,2278.753900085576,1,2054,89,0,0,1,0,0.004998,True,0.004998,0.004998,0,0,0,[],0,0,0,0,0.004998,1,no_action,no_action,True,0,True,,0,0,0,0,pending; see semantic_review.csv,rows.jsonl
full_m01,N05,1,no_action,mailex_raw,2026-10-02T13:10:10.246394+00:00,2026-10-02T13:10:12.676598+00:00,2297.8369999909773,2296.9977000029758,1,1343,166,0,0,1,0,0.0002173,True,0.0002173,0.00012246,0,0,0,[],0,0,0,0,0.00012246,1,no_action,no_action,True,0,True,,0,0,0,0,pending; see semantic_review.csv,rows.jsonl
full_m02,N05,1,no_action,mailex_raw,2026-10-02T13:10:12.676598+00:00,2026-10-02T13:10:24.869149+00:00,11901.837299927138,11899.831999791786,2,2979,1039,0,0,2,0,0.00096635,True,0.00096635,0.000628205,0,7247.598099871539,0.000286665,"[{""stage"": ""extraction"", ""initial_error"": ""Expecting value: line 1 column 1 (char 0)"", ""quote_diagnostics"": [], ""attempted"": true, ""outcome"": ""validated""}]",1,0,0,0,0.000628205,2,no_action,no_action,True,0,True,,1,0,0,0,pending; see semantic_review.csv,rows.jsonl
full_m03,N05,1,no_action,mailex_raw,2026-10-02T13:10:24.870154+00:00,2026-10-02T13:10:27.904142+00:00,2775.4490999504924,2773.4588000457734,2,3042,278,0,0,2,0,0.0016075999999999998,True,0.0016075999999999998,0.0016076,0,1345.9691000171006,0.0008428,"[{""stage"": ""extraction"", ""initial_error"": ""Expecting value: line 1 column 1 (char 0)"", ""quote_diagnostics"": [], ""attempted"": true, ""outcome"": ""validation_failure"", ""final_error"": ""Expecting value: line 1 column 1 (char 0)""}]",0,1,0,0,0.0016076,2,no_action,needs_review,False,0,True,,1,0,0,1,pending; see semantic_review.csv,rows.jsonl
full_m04,N05,1,no_action,mailex_raw,2026-10-02T13:10:27.904142+00:00,2026-10-02T13:10:38.657030+00:00,10472.621199907735,10469.900199910626,2,2999,1054,0,0,2,0,0.006201750000000001,True,0.006201750000000001,0.006201750000000001,0,5437.190799973905,0.003246,"[{""stage"": ""extraction"", ""initial_error"": ""Expecting value: line 1 column 1 (char 0)"", ""quote_diagnostics"": [], ""attempted"": true, ""outcome"": ""validated""}]",1,0,0,0,0.006201750000000001,2,no_action,no_action,True,0,True,,1,0,0,0,pending; see semantic_review.csv,rows.jsonl
full_m05,N05,1,no_action,mailex_raw,2026-10-02T13:10:38.657030+00:00,2026-10-02T13:10:43.712583+00:00,4918.342199991457,4917.190299951471,1,1343,167,0,0,1,0,0.004356,True,0.004356,0.0023476,0,0,0,[],0,0,0,0,0.0023476,1,no_action,no_action,True,0,True,,0,0,0,0,pending; see semantic_review.csv,rows.jsonl
full_m06,N05,1,no_action,mailex_raw,2026-10-02T13:10:43.712583+00:00,2026-10-02T13:10:46.376566+00:00,2522.4196000490338,2521.409099921584,1,2093,133,0,0,1,0,0.005516,True,0.005516,0.005516,0,0,0,[],0,0,0,0,0.005516,1,no_action,no_action,True,0,True,,0,0,0,0,pending; see semantic_review.csv,rows.jsonl
full_m01,N06,1,no_action,mailex_raw,2026-10-02T13:10:46.376566+00:00,2026-10-02T13:10:49.008894+00:00,2456.4879999961704,2455.2447999594733,1,1328,154,0,0,1,0,0.00020979999999999998,True,0.00020979999999999998,0.000114585,0,0,0,[],0,0,0,0,0.000114585,1,no_action,no_action,True,0,True,,0,0,0,0,pending; see semantic_review.csv,rows.jsonl
full_m02,N06,1,no_action,mailex_raw,2026-10-02T13:10:49.008894+00:00,2026-10-02T13:11:04.779248+00:00,15433.248099987395,15431.153200101107,2,2930,1182,0,0,2,0,0.0010305000000000002,True,0.0010305000000000002,0.00074584,0,4721.412800136022,0.00039094,"[{""stage"": ""extraction"", ""initial_error"": ""Expecting value: line 1 column 1 (char 0)"", ""quote_diagnostics"": [], ""attempted"": true, ""outcome"": ""validated""}]",1,0,0,0,0.00074584,2,no_action,no_action,True,0,True,,1,0,0,0,pending; see semantic_review.csv,rows.jsonl
full_m03,N06,1,no_action,mailex_raw,2026-10-02T13:11:04.780213+00:00,2026-10-02T13:11:07.626749+00:00,2595.3463999321684,2593.7807998852804,2,2998,249,0,0,2,0,0.0015218999999999999,True,0.0015218999999999999,0.0015219,0,1378.7379999412224,0.0007963,"[{""stage"": ""extraction"", ""initial_error"": ""Expecting value: line 1 column 1 (char 0)"", ""quote_diagnostics"": [], ""attempted"": true, ""outcome"": ""validation_failure"", ""final_error"": ""Expecting value: line 1 column 1 (char 0)""}]",0,1,0,0,0.0015219,2,no_action,needs_review,False,0,True,,1,0,0,1,pending; see semantic_review.csv,rows.jsonl
full_m04,N06,1,no_action,mailex_raw,2026-10-02T13:11:07.626749+00:00,2026-10-02T13:11:19.147196+00:00,11223.556599928997,11222.151400055736,2,2963,1066,0,0,2,0,0.00621975,True,0.00621975,0.00621975,0,5909.859200124629,0.00359325,"[{""stage"": ""extraction"", ""initial_error"": ""Expecting value: line 1 column 1 (char 0)"", ""quote_diagnostics"": [], ""attempted"": true, ""outcome"": ""validated""}]",1,0,0,0,0.00621975,2,no_action,no_action,True,0,True,,1,0,0,0,pending; see semantic_review.csv,rows.jsonl
full_m05,N06,1,no_action,mailex_raw,2026-10-02T13:11:19.147196+00:00,2026-10-02T13:11:23.038298+00:00,3785.1433999603614,3784.380399971269,1,1328,80,0,0,1,0,0.003456,True,0.003456,0.0014401,0,0,0,[],0,0,0,0,0.0014401,1,no_action,no_action,True,0,True,,0,0,0,0,pending; see semantic_review.csv,rows.jsonl
full_m06,N06,1,no_action,mailex_raw,2026-10-02T13:11:23.038298+00:00,2026-10-02T13:11:25.824872+00:00,2649.5732000330463,2648.6299000680447,1,2091,161,0,0,1,0,0.005792,True,0.005792,0.005792,0,0,0,[],0,0,0,0,0.005792,1,no_action,no_action,True,0,True,,0,0,0,0,pending; see semantic_review.csv,rows.jsonl
full_m01,N07,1,no_action,mailex_raw,2026-10-02T13:11:25.824872+00:00,2026-10-02T13:11:27.888031+00:00,1913.1404999643564,1912.1526000089943,1,1353,121,0,0,1,0,0.0001958,True,0.0001958,0.00010121,0,0,0,[],0,0,0,0,0.00010121,1,no_action,no_action,True,0,True,,0,0,0,0,pending; see semantic_review.csv,rows.jsonl
full_m02,N07,1,no_action,mailex_raw,2026-10-02T13:11:27.888031+00:00,2026-10-02T13:11:37.577785+00:00,9398.765500169247,9396.9377001049,2,2961,1068,0,0,2,0,0.00097815,True,0.00097815,0.00069399,0,3366.4373999927193,0.0002749,"[{""stage"": ""extraction"", ""initial_error"": ""Expecting value: line 1 column 1 (char 0)"", ""quote_diagnostics"": [], ""attempted"": true, ""outcome"": ""validated""}]",1,0,0,0,0.00069399,2,no_action,no_action,True,0,True,,1,0,0,0,pending; see semantic_review.csv,rows.jsonl
full_m03,N07,1,no_action,mailex_raw,2026-10-02T13:11:37.577785+00:00,2026-10-02T13:11:40.148126+00:00,2304.5192999998108,2302.7557999594137,2,3032,196,0,0,2,0,0.0013996,True,0.0013996,0.0013996,0,1264.384499983862,0.00073,"[{""stage"": ""extraction"", ""initial_error"": ""Expecting value: line 1 column 1 (char 0)"", ""quote_diagnostics"": [], ""attempted"": true, ""outcome"": ""validation_failure"", ""final_error"": ""Expecting value: line 1 column 1 (char 0)""}]",0,1,0,0,0.0013996,2,no_action,needs_review,False,0,True,,1,0,0,1,pending; see semantic_review.csv,rows.jsonl
full_m04,N07,1,no_action,mailex_raw,2026-10-02T13:11:40.148126+00:00,2026-10-02T13:11:50.311673+00:00,9940.798500087112,9939.225200098008,2,3026,821,0,0,2,0,0.005348250000000001,True,0.005348250000000001,0.005348250000000001,0,6168.144800118171,0.00291675,"[{""stage"": ""extraction"", ""initial_error"": ""Expecting value: line 1 column 1 (char 0)"", ""quote_diagnostics"": [], ""attempted"": true, ""outcome"": ""validated""}]",1,0,0,0,0.005348250000000001,2,no_action,no_action,True,0,True,,1,0,0,0,pending; see semantic_review.csv,rows.jsonl
full_m05,N07,1,no_action,mailex_raw,2026-10-02T13:11:50.311673+00:00,2026-10-02T13:11:53.916237+00:00,3476.7135999863967,3475.5926000652835,1,1353,64,0,0,1,0,0.003346,True,0.003346,0.0013426,0,0,0,[],0,0,0,0,0.0013426,1,no_action,no_action,True,0,True,,0,0,0,0,pending; see semantic_review.csv,rows.jsonl
full_m06,N07,1,no_action,mailex_raw,2026-10-02T13:11:53.916902+00:00,2026-10-02T13:11:56.300103+00:00,2260.4087999789044,2259.43560001906,1,2114,104,0,0,1,0,0.005268,True,0.005268,0.005268,0,0,0,[],0,0,0,0,0.005268,1,no_action,no_action,True,0,True,,0,0,0,0,pending; see semantic_review.csv,rows.jsonl
full_m01,N08,1,no_action,mailex_raw,2026-10-02T13:11:56.300103+00:00,2026-10-02T13:11:58.790536+00:00,2370.1238001231104,2368.9334001392126,1,1369,153,0,0,1,0,0.00021339999999999998,True,0.00021339999999999998,0.00011921,0,0,0,[],0,0,0,0,0.00011921,1,no_action,no_action,True,0,True,,0,0,0,0,pending; see semantic_review.csv,rows.jsonl
full_m02,N08,1,no_action,mailex_raw,2026-10-02T13:11:58.790536+00:00,2026-10-02T13:12:14.105574+00:00,15029.394800076261,15027.57509984076,2,3039,1419,0,0,2,0,0.00116535,True,0.00116535,0.00088119,0,4627.85889999941,0.00030955,"[{""stage"": ""extraction"", ""initial_error"": ""Expecting value: line 1 column 1 (char 0)"", ""quote_diagnostics"": [], ""attempted"": true, ""outcome"": ""validated""}]",1,0,0,0,0.00088119,2,no_action,no_action,True,0,True,,1,0,0,0,pending; see semantic_review.csv,rows.jsonl
full_m03,N08,1,no_action,mailex_raw,2026-10-02T13:12:14.106576+00:00,2026-10-02T13:12:17.245932+00:00,2874.94439992588,2872.681300039403,2,3070,207,0,0,2,0,0.0014385000000000001,True,0.0014385000000000001,0.0014385000000000001,0,1256.3352999277413,0.0007538,"[{""stage"": ""extraction"", ""initial_error"": ""Expecting value: line 1 column 1 (char 0)"", ""quote_diagnostics"": [], ""attempted"": true, ""outcome"": ""validation_failure"", ""final_error"": ""Expecting value: line 1 column 1 (char 0)""}]",0,1,0,0,0.0014385000000000001,2,no_action,needs_review,False,0,True,,1,0,0,1,pending; see semantic_review.csv,rows.jsonl
full_m04,N08,1,no_action,mailex_raw,2026-10-02T13:12:17.245932+00:00,2026-10-02T13:12:26.671875+00:00,9132.678300025873,9131.196900038049,2,3063,757,0,0,2,0,0.005136,True,0.005136,0.005136,0,5419.206699938513,0.0029055,"[{""stage"": ""extraction"", ""initial_error"": ""Expecting value: line 1 column 1 (char 0)"", ""quote_diagnostics"": [], ""attempted"": true, ""outcome"": ""validated""}]",1,0,0,0,0.005136,2,no_action,no_action,True,0,True,,1,0,0,0,pending; see semantic_review.csv,rows.jsonl
full_m05,N08,1,no_action,mailex_raw,2026-10-02T13:12:26.671875+00:00,2026-10-02T13:12:29.423509+00:00,2622.762799845077,2621.652099885978,1,1369,82,0,0,1,0,0.003558,True,0.003558,0.0015626,0,0,0,[],0,0,0,0,0.0015626,1,no_action,no_action,True,0,True,,0,0,0,0,pending; see semantic_review.csv,rows.jsonl
full_m06,N08,1,no_action,mailex_raw,2026-10-02T13:12:29.423509+00:00,2026-10-02T13:12:32.081383+00:00,2529.573999927379,2528.2672999892384,1,2132,143,0,0,1,0,0.005694,True,0.005694,0.005694,0,0,0,[],0,0,0,0,0.005694,1,no_action,no_action,True,0,True,,0,0,0,0,pending; see semantic_review.csv,rows.jsonl
full_m01,N09,1,no_action,mailex_raw,2026-10-02T13:12:32.081383+00:00,2026-10-02T13:12:34.701853+00:00,2497.2934998804703,2496.2320999475196,1,1421,199,0,0,1,0,0.0002416,True,0.0002416,0.00014871,0,0,0,[],0,0,0,0,0.00014871,1,no_action,no_action,True,0,True,,0,0,0,0,pending; see semantic_review.csv,rows.jsonl
full_m02,N09,1,no_action,mailex_raw,2026-10-02T13:12:34.701853+00:00,2026-10-02T13:12:43.374734+00:00,8553.13039990142,8551.598399993964,1,1436,779,0,0,1,0,0.0006049,True,0.0006049,0.0006049,0,0,0,[],0,0,0,0,0.0006049,1,no_action,no_action,True,0,True,,0,0,0,0,pending; see semantic_review.csv,rows.jsonl
full_m03,N09,1,no_action,mailex_raw,2026-10-02T13:12:43.374734+00:00,2026-10-02T13:12:46.253723+00:00,2592.769000097178,2590.493500116281,2,3176,229,0,0,2,0,0.0015252999999999998,True,0.0015252999999999998,0.0015253,0,1341.826400021091,0.0007965,"[{""stage"": ""extraction"", ""initial_error"": ""Expecting value: line 1 column 1 (char 0)"", ""quote_diagnostics"": [], ""attempted"": true, ""outcome"": ""validation_failure"", ""final_error"": ""Expecting value: line 1 column 1 (char 0)""}]",0,1,0,0,0.0015253,2,no_action,needs_review,False,0,True,,1,0,0,1,pending; see semantic_review.csv,rows.jsonl
full_m04,N09,1,no_action,mailex_raw,2026-10-02T13:12:46.254717+00:00,2026-10-02T13:12:57.796869+00:00,11243.392899865285,11241.319700027816,2,3171,1083,0,0,2,0,0.0064395,True,0.0064395,0.0064395,0,6050.706600071862,0.00344625,"[{""stage"": ""extraction"", ""initial_error"": ""Expecting value: line 1 column 1 (char 0)"", ""quote_diagnostics"": [], ""attempted"": true, ""outcome"": ""validated""}]",1,0,0,0,0.0064395,2,no_action,no_action,True,0,True,,1,0,0,0,pending; see semantic_review.csv,rows.jsonl
full_m05,N09,1,no_action,mailex_raw,2026-10-02T13:12:57.796869+00:00,2026-10-02T13:13:01.446426+00:00,3325.3425000002608,3324.4024999439716,1,1421,119,0,0,1,0,0.004032,True,0.004032,0.0020626,0,0,0,[],0,0,0,0,0.0020626,1,no_action,no_action,True,0,True,,0,0,0,0,pending; see semantic_review.csv,rows.jsonl
full_m06,N09,1,no_action,mailex_raw,2026-10-02T13:13:01.447419+00:00,2026-10-02T13:13:04.472694+00:00,2888.3824000367895,2887.3380000004545,1,2213,179,0,0,1,0,0.006216,True,0.006216,0.006216,0,0,0,[],0,0,0,0,0.006216,1,no_action,no_action,True,0,True,,0,0,0,0,pending; see semantic_review.csv,rows.jsonl
full_m01,N10,1,no_action,mailex_raw,2026-10-02T13:13:04.473691+00:00,2026-10-02T13:13:08.317935+00:00,3726.7772001214325,3726.033000042662,1,1325,88,0,0,1,0,0.0001765,True,0.0001765,8.121e-05,0,0,0,[],0,0,0,0,8.121e-05,1,no_action,no_action,True,0,True,,0,0,0,0,pending; see semantic_review.csv,rows.jsonl
full_m02,N10,1,no_action,mailex_raw,2026-10-02T13:13:08.317935+00:00,2026-10-02T13:13:17.565143+00:00,8968.710100045428,8965.041799936444,2,2927,773,0,0,2,0,0.00082555,True,0.00082555,0.00055675,0,4552.03659995459,0.00028343,"[{""stage"": ""extraction"", ""initial_error"": ""Expecting value: line 1 column 1 (char 0)"", ""quote_diagnostics"": [], ""attempted"": true, ""outcome"": ""validated""}]",1,0,0,0,0.00055675,2,no_action,no_action,True,0,True,,1,0,0,0,pending; see semantic_review.csv,rows.jsonl
full_m03,N10,1,no_action,mailex_raw,2026-10-02T13:13:17.566154+00:00,2026-10-02T13:13:20.105857+00:00,2297.7620001183823,2294.878500048071,2,2983,252,0,0,2,0,0.0015249,True,0.0015249,0.0015249,0,1242.0977000147104,0.0007967,"[{""stage"": ""extraction"", ""initial_error"": ""Expecting value: line 1 column 1 (char 0)"", ""quote_diagnostics"": [], ""attempted"": true, ""outcome"": ""validation_failure"", ""final_error"": ""Expecting value: line 1 column 1 (char 0)""}]",0,1,0,0,0.0015249,2,no_action,needs_review,False,0,True,,1,0,0,1,pending; see semantic_review.csv,rows.jsonl
full_m04,N10,1,no_action,mailex_raw,2026-10-02T13:13:20.106858+00:00,2026-10-02T13:13:28.001804+00:00,7622.60509992484,7620.130100054666,2,2951,604,0,0,2,0,0.00447825,True,0.00447825,0.00447825,0,4101.952500059269,0.00251025,"[{""stage"": ""extraction"", ""initial_error"": ""Expecting value: line 1 column 1 (char 0)"", ""quote_diagnostics"": [], ""attempted"": true, ""outcome"": ""validated""}]",1,0,0,0,0.00447825,2,no_action,no_action,True,0,True,,1,0,0,0,pending; see semantic_review.csv,rows.jsonl
full_m05,N10,1,no_action,mailex_raw,2026-10-02T13:13:28.001804+00:00,2026-10-02T13:13:31.112152+00:00,2987.8161000087857,2986.6184000857174,1,1325,83,0,0,1,0,0.00348,True,0.00348,0.0014626,0,0,0,[],0,0,0,0,0.0014626,1,no_action,no_action,True,0,True,,0,0,0,0,pending; see semantic_review.csv,rows.jsonl
full_m06,N10,1,no_action,mailex_raw,2026-10-02T13:13:31.113155+00:00,2026-10-02T13:13:33.487339+00:00,2244.7866001166403,2243.23570006527,1,2063,138,0,0,1,0,0.005506,True,0.005506,0.005506,0,0,0,[],0,0,0,0,0.005506,1,no_action,no_action,True,0,True,,0,0,0,0,pending; see semantic_review.csv,rows.jsonl
full_m01,N11,1,no_action,mailex_raw,2026-10-02T13:13:33.487339+00:00,2026-10-02T13:13:42.670966+00:00,9065.947799943388,9064.905800041743,1,1330,223,0,0,1,0,0.0002445,True,0.0002445,0.000149335,0,0,0,[],0,0,0,0,0.000149335,1,no_action,no_action,True,0,True,,0,0,0,0,pending; see semantic_review.csv,rows.jsonl
full_m02,N11,1,no_action,mailex_raw,2026-10-02T13:13:42.670966+00:00,2026-10-02T13:14:14.353652+00:00,31560.07949996274,31558.304099948145,1,1343,754,0,0,1,0,0.00057845,True,0.00057845,0.000323932,0,0,0,[],0,0,0,0,0.000323932,1,no_action,no_action,True,0,True,,0,0,0,0,pending; see semantic_review.csv,rows.jsonl
full_m03,N11,1,no_action,mailex_raw,2026-10-02T13:14:14.354233+00:00,2026-10-02T13:14:17.289132+00:00,2671.458199969493,2669.613999896683,2,3024,282,0,0,2,0,0.0016121999999999998,True,0.0016121999999999998,0.0016122,0,1429.7551999334246,0.0008379,"[{""stage"": ""extraction"", ""initial_error"": ""Expecting value: line 1 column 1 (char 0)"", ""quote_diagnostics"": [], ""attempted"": true, ""outcome"": ""validation_failure"", ""final_error"": ""Expecting value: line 1 column 1 (char 0)""}]",0,1,0,0,0.0016122,2,no_action,needs_review,False,0,True,,1,0,0,1,pending; see semantic_review.csv,rows.jsonl
full_m04,N11,1,no_action,mailex_raw,2026-10-02T13:14:17.290172+00:00,2026-10-02T13:14:33.663656+00:00,16078.742799931206,16077.190699754283,2,2983,1986,0,0,2,0,0.00968475,True,0.00968475,0.00968475,0,9160.438899882138,0.005994,"[{""stage"": ""extraction"", ""initial_error"": ""Expecting value: line 1 column 1 (char 0)"", ""quote_diagnostics"": [], ""attempted"": true, ""outcome"": ""validated""}]",1,0,0,0,0.00968475,2,no_action,no_action,True,0,True,,1,0,0,0,pending; see semantic_review.csv,rows.jsonl
full_m05,N11,1,no_action,mailex_raw,2026-10-02T13:14:33.663656+00:00,2026-10-02T13:14:37.556726+00:00,3767.3644000897184,3766.2614999571815,1,1330,119,0,0,1,0,0.00385,True,0.00385,0.0018351,0,0,0,[],0,0,0,0,0.0018351,1,no_action,no_action,True,0,True,,0,0,0,0,pending; see semantic_review.csv,rows.jsonl
full_m06,N11,1,no_action,mailex_raw,2026-10-02T13:14:37.557726+00:00,2026-10-02T13:14:40.202025+00:00,2551.334199961275,2550.146499881521,1,2079,192,0,0,1,0,0.006078,True,0.006078,0.006078,0,0,0,[],0,0,0,0,0.006078,1,no_action,no_action,True,0,True,,0,0,0,0,pending; see semantic_review.csv,rows.jsonl
full_m01,N12,1,no_action,mailex_raw,2026-10-02T13:14:40.202025+00:00,2026-10-02T13:14:41.989367+00:00,1595.986200030893,1594.987899879925,1,1312,99,0,0,1,0,0.0001807,True,0.0001807,8.5085e-05,0,0,0,[],0,0,0,0,8.5085e-05,1,no_action,no_action,True,0,True,,0,0,0,0,pending; see semantic_review.csv,rows.jsonl
full_m02,N12,1,no_action,mailex_raw,2026-10-02T13:14:41.989367+00:00,2026-10-02T13:14:56.220713+00:00,14109.520100057125,14108.711900073104,1,1325,347,0,0,1,0,0.00037225,True,0.00037225,0.00020846,0,0,0,[],0,0,0,0,0.00020846,1,no_action,no_action,True,0,True,,0,0,0,0,pending; see semantic_review.csv,rows.jsonl
full_m03,N12,1,no_action,mailex_raw,2026-10-02T13:14:56.220713+00:00,2026-10-02T13:14:58.819062+00:00,2354.7106001060456,2352.5215002009645,2,2942,179,0,0,2,0,0.0013300999999999999,True,0.0013300999999999999,0.0013300999999999999,0,1175.419200095348,0.0006881,"[{""stage"": ""extraction"", ""initial_error"": ""Expecting value: line 1 column 1 (char 0)"", ""quote_diagnostics"": [], ""attempted"": true, ""outcome"": ""validation_failure"", ""final_error"": ""Expecting value: line 1 column 1 (char 0)""}]",0,1,0,0,0.0013300999999999999,2,no_action,needs_review,False,0,True,,1,0,0,1,pending; see semantic_review.csv,rows.jsonl
full_m04,N12,1,no_action,mailex_raw,2026-10-02T13:14:58.819062+00:00,2026-10-02T13:15:05.772601+00:00,6696.286000078544,6693.581099971198,2,2934,535,0,0,2,0,0.00420675,True,0.00420675,0.00420675,0,3653.884500032291,0.0021855,"[{""stage"": ""extraction"", ""initial_error"": ""Expecting value: line 1 column 1 (char 0)"", ""quote_diagnostics"": [], ""attempted"": true, ""outcome"": ""validated""}]",1,0,0,0,0.00420675,2,no_action,no_action,True,0,True,,1,0,0,0,pending; see semantic_review.csv,rows.jsonl
full_m05,N12,1,no_action,mailex_raw,2026-10-02T13:15:05.772601+00:00,2026-10-02T13:15:08.645805+00:00,2721.9357999274507,2720.3017998253927,1,1312,54,0,0,1,0,0.003164,True,0.003164,0.0011401,0,0,0,[],0,0,0,0,0.0011401,1,no_action,no_action,True,0,True,,0,0,0,0,pending; see semantic_review.csv,rows.jsonl
full_m06,N12,1,no_action,mailex_raw,2026-10-02T13:15:08.645805+00:00,2026-10-02T13:15:10.859072+00:00,2066.8220999650657,2066.0493000177667,1,2043,88,0,0,1,0,0.004966,True,0.004966,0.004966,0,0,0,[],0,0,0,0,0.004966,1,no_action,no_action,True,0,True,,0,0,0,0,pending; see semantic_review.csv,rows.jsonl
full_m01,N13,1,no_action,mailex_raw,2026-10-02T13:15:10.859072+00:00,2026-10-02T13:15:14.297391+00:00,3290.338800055906,3289.611400105059,1,1302,115,0,0,1,0,0.00018769999999999998,True,0.00018769999999999998,9.1835e-05,0,0,0,[],0,0,0,0,9.1835e-05,1,no_action,no_action,True,0,True,,0,0,0,0,pending; see semantic_review.csv,rows.jsonl
full_m02,N13,1,no_action,mailex_raw,2026-10-02T13:15:14.297391+00:00,2026-10-02T13:15:43.911833+00:00,29302.720900042914,29299.91450009402,2,2854,1311,0,0,2,0,0.0010836,True,0.0010836,0.0007553900000000001,0,20550.260600051843,0.000485365,"[{""stage"": ""extraction"", ""initial_error"": ""Expecting value: line 1 column 1 (char 0)"", ""quote_diagnostics"": [], ""attempted"": true, ""outcome"": ""validated""}]",1,0,0,0,0.0007553900000000001,2,no_action,no_action,True,0,True,,1,0,0,0,pending; see semantic_review.csv,rows.jsonl
full_m03,N13,1,no_action,mailex_raw,2026-10-02T13:15:43.911833+00:00,2026-10-02T13:15:46.629597+00:00,2451.028999988921,2448.9927000831813,2,2924,201,0,0,2,0,0.0013797,True,0.0013797,0.0013797,0,1146.0482000838965,0.0007103,"[{""stage"": ""extraction"", ""initial_error"": ""Expecting value: line 1 column 1 (char 0)"", ""quote_diagnostics"": [], ""attempted"": true, ""outcome"": ""validation_failure"", ""final_error"": ""Expecting value: line 1 column 1 (char 0)""}]",0,1,0,0,0.0013797,2,no_action,needs_review,False,0,True,,1,0,0,1,pending; see semantic_review.csv,rows.jsonl
full_m04,N13,1,no_action,mailex_raw,2026-10-02T13:15:46.629597+00:00,2026-10-02T13:15:57.681550+00:00,10760.622499976307,10758.98230005987,2,2903,969,0,0,2,0,0.005811,True,0.005811,0.005811,0,6947.05930002965,0.00355875,"[{""stage"": ""extraction"", ""initial_error"": ""Expecting value: line 1 column 1 (char 0)"", ""quote_diagnostics"": [], ""attempted"": true, ""outcome"": ""validated""}]",1,0,0,0,0.005811,2,no_action,no_action,True,0,True,,1,0,0,0,pending; see semantic_review.csv,rows.jsonl
full_m05,N13,1,no_action,mailex_raw,2026-10-02T13:15:57.681550+00:00,2026-10-02T13:16:00.172151+00:00,2321.444100001827,2320.457899942994,1,1302,56,0,0,1,0,0.003164,True,0.003164,0.0011351,0,0,0,[],0,0,0,0,0.0011351,1,no_action,no_action,True,0,True,,0,0,0,0,pending; see semantic_review.csv,rows.jsonl
full_m06,N13,1,no_action,mailex_raw,2026-10-02T13:16:00.172151+00:00,2026-10-02T13:16:02.608581+00:00,2329.244800028391,2328.1322000548244,1,2045,99,0,0,1,0,0.00508,True,0.00508,0.00508,0,0,0,[],0,0,0,0,0.00508,1,no_action,no_action,True,0,True,,0,0,0,0,pending; see semantic_review.csv,rows.jsonl
full_m01,N14,1,no_action,mailex_raw,2026-10-02T13:16:02.608581+00:00,2026-10-02T13:16:06.087461+00:00,3319.9645000277087,3318.981699994765,1,1327,109,0,0,1,0,0.0001872,True,0.0001872,9.196e-05,0,0,0,[],0,0,0,0,9.196e-05,1,no_action,no_action,True,0,True,,0,0,0,0,pending; see semantic_review.csv,rows.jsonl
full_m02,N14,1,no_action,mailex_raw,2026-10-02T13:16:06.087461+00:00,2026-10-02T13:16:22.352772+00:00,16020.181900006719,16017.579999985173,2,2920,825,0,0,2,0,0.0008504999999999999,True,0.0008504999999999999,0.0005147,0,8055.511699873023,0.000259195,"[{""stage"": ""extraction"", ""initial_error"": ""Expecting value: line 1 column 1 (char 0)"", ""quote_diagnostics"": [], ""attempted"": true, ""outcome"": ""validated""}]",1,0,0,0,0.0005147,2,no_action,no_action,True,0,True,,1,0,0,0,pending; see semantic_review.csv,rows.jsonl
full_m03,N14,1,no_action,mailex_raw,2026-10-02T13:16:22.352772+00:00,2026-10-02T13:16:25.529297+00:00,2943.428400089033,2941.5277001680806,2,3004,229,0,0,2,0,0.0014737,True,0.0014737,0.0014737,0,1489.378200029023,0.0007707,"[{""stage"": ""extraction"", ""initial_error"": ""Expecting value: line 1 column 1 (char 0)"", ""quote_diagnostics"": [], ""attempted"": true, ""outcome"": ""validation_failure"", ""final_error"": ""Expecting value: line 1 column 1 (char 0)""}]",0,1,0,0,0.0014737,2,no_action,needs_review,False,0,True,,1,0,0,1,pending; see semantic_review.csv,rows.jsonl
full_m04,N14,1,no_action,mailex_raw,2026-10-02T13:16:25.529297+00:00,2026-10-02T13:16:41.733231+00:00,15935.239700134844,15933.031600201502,2,2995,1647,0,0,2,0,0.0084225,True,0.0084225,0.0084225,0,11460.512400139123,0.00606375,"[{""stage"": ""extraction"", ""initial_error"": ""Expecting value: line 1 column 1 (char 0)"", ""quote_diagnostics"": [], ""attempted"": true, ""outcome"": ""validated""}]",1,0,0,0,0.0084225,2,no_action,no_action,True,0,True,,1,0,0,0,pending; see semantic_review.csv,rows.jsonl
full_m05,N14,1,no_action,mailex_raw,2026-10-02T13:16:41.733231+00:00,2026-10-02T13:16:45.140694+00:00,3240.167999989353,3239.255099906586,1,1327,74,0,0,1,0,0.003394,True,0.003394,0.0013776,0,0,0,[],0,0,0,0,0.0013776,1,no_action,no_action,True,0,True,,0,0,0,0,pending; see semantic_review.csv,rows.jsonl
full_m06,N14,1,no_action,mailex_raw,2026-10-02T13:16:45.140694+00:00,2026-10-02T13:16:48.111758+00:00,2872.587100137025,2871.4987999992445,1,2072,114,0,0,1,0,0.005284,True,0.005284,0.005284,0,0,0,[],0,0,0,0,0.005284,1,no_action,no_action,True,0,True,,0,0,0,0,pending; see semantic_review.csv,rows.jsonl
full_m01,N15,1,no_action,mailex_raw,2026-10-02T13:16:48.111758+00:00,2026-10-02T13:16:52.202795+00:00,3959.688299917616,3958.5719999158755,1,1391,118,0,0,1,0,0.0001981,True,0.0001981,0.00010446,0,0,0,[],0,0,0,0,0.00010446,1,no_action,no_action,True,0,True,,0,0,0,0,pending; see semantic_review.csv,rows.jsonl
full_m02,N15,1,no_action,mailex_raw,2026-10-02T13:16:52.202795+00:00,2026-10-02T13:17:00.441483+00:00,8073.670699959621,8072.810599929653,1,1409,479,0,0,1,0,0.00045085000000000004,True,0.00045085000000000004,0.000288815,0,0,0,[],0,0,0,0,0.000288815,1,no_action,no_action,True,0,True,,0,0,0,0,pending; see semantic_review.csv,rows.jsonl
full_m03,N15,1,no_action,mailex_raw,2026-10-02T13:17:00.441483+00:00,2026-10-02T13:17:03.332790+00:00,2690.08079986088,2688.652199925855,2,3111,198,0,0,2,0,0.0014283,True,0.0014283,0.0014283,0,1340.3987999772653,0.0007467,"[{""stage"": ""extraction"", ""initial_error"": ""Expecting value: line 1 column 1 (char 0)"", ""quote_diagnostics"": [], ""attempted"": true, ""outcome"": ""validation_failure"", ""final_error"": ""Expecting value: line 1 column 1 (char 0)""}]",0,1,0,0,0.0014283,2,no_action,needs_review,False,0,True,,1,0,0,1,pending; see semantic_review.csv,rows.jsonl
full_m04,N15,1,no_action,mailex_raw,2026-10-02T13:17:03.333795+00:00,2026-10-02T13:17:11.647146+00:00,8079.284499865025,8077.403399860486,2,3105,547,0,0,2,0,0.00438,True,0.00438,0.00438,0,4189.827899914235,0.002286,"[{""stage"": ""extraction"", ""initial_error"": ""Expecting value: line 1 column 1 (char 0)"", ""quote_diagnostics"": [], ""attempted"": true, ""outcome"": ""validated""}]",1,0,0,0,0.00438,2,no_action,no_action,True,0,True,,1,0,0,0,pending; see semantic_review.csv,rows.jsonl
full_m05,N15,1,no_action,mailex_raw,2026-10-02T13:17:11.647146+00:00,2026-10-02T13:17:14.318512+00:00,2516.570799984038,2515.457700006664,1,1391,67,0,0,1,0,0.003452,True,0.003452,0.0014676,0,0,0,[],0,0,0,0,0.0014676,1,no_action,no_action,True,0,True,,0,0,0,0,pending; see semantic_review.csv,rows.jsonl
full_m06,N15,1,no_action,mailex_raw,2026-10-02T13:17:14.318512+00:00,2026-10-02T13:17:16.834069+00:00,2374.621299910359,2373.7189999083057,1,2188,127,0,0,1,0,0.005646,True,0.005646,0.005646,0,0,0,[],0,0,0,0,0.005646,1,no_action,no_action,True,0,True,,0,0,0,0,pending; see semantic_review.csv,rows.jsonl
full_m01,A01,1,explicit_action,mailex_raw,2026-10-02T13:17:16.834069+00:00,2026-10-02T13:17:19.366107+00:00,2419.302200083621,2418.3706000912935,1,1331,228,0,0,1,0,0.0002471,True,0.0002471,0.00015196,0,0,0,[],0,0,0,0,0.00015196,1,action,action,True,1,True,,0,0,0,0,pending; see semantic_review.csv,rows.jsonl
full_m02,A01,1,explicit_action,mailex_raw,2026-10-02T13:17:19.366107+00:00,2026-10-02T13:17:47.930987+00:00,28347.058900049888,28345.130700035952,2,3032,1210,0,0,2,0,0.0010597999999999998,True,0.0010597999999999998,0.00071112,0,16890.836999984458,0.000311545,"[{""stage"": ""extraction"", ""initial_error"": ""Expecting value: line 1 column 1 (char 0)"", ""quote_diagnostics"": [], ""attempted"": true, ""outcome"": ""validated""}]",1,0,0,0,0.00071112,2,action,action,True,1,True,,1,0,0,0,pending; see semantic_review.csv,rows.jsonl
full_m03,A01,1,explicit_action,mailex_raw,2026-10-02T13:17:47.931988+00:00,2026-10-02T13:17:51.286841+00:00,3154.9947999883443,3153.336700052023,2,3090,417,0,0,2,0,0.0019695,True,0.0019695,0.0019695,0,1483.1437000539154,0.0010308,"[{""stage"": ""extraction"", ""initial_error"": ""Expecting value: line 1 column 1 (char 0)"", ""quote_diagnostics"": [], ""attempted"": true, ""outcome"": ""validation_failure"", ""final_error"": ""Expecting value: line 1 column 1 (char 0)""}]",0,1,0,0,0.0019695,2,action,needs_review,False,0,True,,1,0,0,1,pending; see semantic_review.csv,rows.jsonl
full_m04,A01,1,explicit_action,mailex_raw,2026-10-02T13:17:51.287844+00:00,2026-10-02T13:18:04.891493+00:00,13311.13839999307,13309.211299871095,2,3091,1498,0,0,2,0,0.00793575,True,0.00793575,0.00793575,0,6730.4800999118015,0.00412275,"[{""stage"": ""extraction"", ""initial_error"": ""Expecting value: line 1 column 1 (char 0)"", ""quote_diagnostics"": [], ""attempted"": true, ""outcome"": ""validated""}]",1,0,0,0,0.00793575,2,action,action,True,1,True,,1,0,0,0,pending; see semantic_review.csv,rows.jsonl
full_m05,A01,1,explicit_action,mailex_raw,2026-10-02T13:18:04.891493+00:00,2026-10-02T13:18:08.861033+00:00,3850.6695999531075,3849.4974999921396,1,1331,182,0,0,1,0,0.004482,True,0.004482,0.0024676,0,0,0,[],0,0,0,0,0.0024676,1,action,action,True,1,True,,0,0,0,0,pending; see semantic_review.csv,rows.jsonl
full_m06,A01,1,explicit_action,mailex_raw,2026-10-02T13:18:08.861033+00:00,2026-10-02T13:18:11.891171+00:00,2942.642799927853,2941.7124999454245,1,2088,209,0,0,1,0,0.006266,True,0.006266,0.006266,0,0,0,[],0,0,0,0,0.006266,1,action,action,True,1,True,,0,0,0,0,pending; see semantic_review.csv,rows.jsonl
full_m01,A16,1,explicit_action,authored,2026-10-02T13:18:11.892171+00:00,2026-10-02T13:18:14.627406+00:00,2624.123699963093,2623.136599897407,1,1296,229,0,0,1,0,0.0002441,True,0.0002441,0.000148085,0,0,0,[],0,0,0,0,0.000148085,1,action,action,True,2,True,,0,0,0,0,pending; see semantic_review.csv,rows.jsonl
full_m02,A16,1,explicit_action,authored,2026-10-02T13:18:14.627406+00:00,2026-10-02T13:18:28.039469+00:00,13286.062800092623,13284.366399981081,1,1310,853,0,0,1,0,0.000623,True,0.000623,0.00047235,0,0,0,[],0,0,0,0,0.00047235,1,action,action,True,2,True,,0,0,0,0,pending; see semantic_review.csv,rows.jsonl
full_m03,A16,1,explicit_action,authored,2026-10-02T13:18:28.039469+00:00,2026-10-02T13:18:31.421443+00:00,3113.468199968338,3111.5749998716637,2,3106,532,0,0,2,0,0.0022617999999999996,True,0.0022617999999999996,0.0022618,0,1455.139699857682,0.0011897,"[{""stage"": ""extraction"", ""initial_error"": ""Expecting value: line 1 column 1 (char 0)"", ""quote_diagnostics"": [], ""attempted"": true, ""outcome"": ""validation_failure"", ""final_error"": ""Expecting value: line 1 column 1 (char 0)""}]",0,1,0,0,0.0022618,2,action,needs_review,False,0,True,,1,0,0,1,pending; see semantic_review.csv,rows.jsonl
full_m04,A16,1,explicit_action,authored,2026-10-02T13:18:31.421443+00:00,2026-10-02T13:18:45.536529+00:00,13733.534500002861,13730.79539986793,2,3102,1555,0,0,2,0,0.00815775,True,0.00815775,0.00815775,0,5928.488499950618,0.0039825,"[{""stage"": ""extraction"", ""initial_error"": ""Expecting value: line 1 column 1 (char 0)"", ""quote_diagnostics"": [], ""attempted"": true, ""outcome"": ""validated""}]",1,0,0,0,0.00815775,2,action,action,True,2,True,,1,0,0,0,pending; see semantic_review.csv,rows.jsonl
full_m05,A16,1,explicit_action,authored,2026-10-02T13:18:45.536529+00:00,2026-10-02T13:18:50.228354+00:00,4239.460400072858,4238.077400019392,1,1296,218,0,0,1,0,0.004772,True,0.004772,0.0027401,0,0,0,[],0,0,0,0,0.0027401,1,action,action,True,2,True,,0,0,0,0,pending; see semantic_review.csv,rows.jsonl
full_m06,A16,1,explicit_action,authored,2026-10-02T13:18:50.228354+00:00,2026-10-02T13:18:53.077354+00:00,2697.8656999999657,2696.335699991323,1,2021,237,0,0,1,0,0.006412,True,0.006412,0.006412,0,0,0,[],0,0,0,0,0.006412,1,action,action,True,2,True,,0,0,0,0,pending; see semantic_review.csv,rows.jsonl
full_m01,A03,1,explicit_action,mailex_raw,2026-10-02T13:18:53.078348+00:00,2026-10-02T13:18:57.642018+00:00,4440.98630012013,4439.349500113167,1,1297,179,0,0,1,0,0.0002192,True,0.0002192,0.00012321,0,0,0,[],0,0,0,0,0.00012321,1,action,action,True,1,True,,0,0,0,0,pending; see semantic_review.csv,rows.jsonl
full_m02,A03,1,explicit_action,mailex_raw,2026-10-02T13:18:57.643189+00:00,2026-10-02T13:19:08.819444+00:00,11049.668399849907,11048.19749982562,1,1310,742,0,0,1,0,0.0005675,True,0.0005675,0.00041685,0,0,0,[],0,0,0,0,0.00041685,1,action,action,True,1,True,,0,0,0,0,pending; see semantic_review.csv,rows.jsonl
full_m03,A03,1,explicit_action,mailex_raw,2026-10-02T13:19:08.819444+00:00,2026-10-02T13:19:11.873916+00:00,2799.025399959646,2796.974999946542,2,3015,396,0,0,2,0,0.0018945,True,0.0018945,0.0018945,0,1480.4087999509647,0.0009907,"[{""stage"": ""extraction"", ""initial_error"": ""Expecting value: line 1 column 1 (char 0)"", ""quote_diagnostics"": [], ""attempted"": true, ""outcome"": ""validation_failure"", ""final_error"": ""Expecting value: line 1 column 1 (char 0)""}]",0,1,0,0,0.0018945,2,action,needs_review,False,0,True,,1,0,0,1,pending; see semantic_review.csv,rows.jsonl
full_m04,A03,1,explicit_action,mailex_raw,2026-10-02T13:19:11.873916+00:00,2026-10-02T13:19:24.796879+00:00,12720.613400102593,12718.15820003394,2,3010,1448,0,0,2,0,0.0076875,True,0.0076875,0.0076875,0,6701.359700062312,0.0040605,"[{""stage"": ""extraction"", ""initial_error"": ""Expecting value: line 1 column 1 (char 0)"", ""quote_diagnostics"": [], ""attempted"": true, ""outcome"": ""validated""}]",1,0,0,0,0.0076875,2,action,action,True,1,True,,1,0,0,0,pending; see semantic_review.csv,rows.jsonl
full_m05,A03,1,explicit_action,mailex_raw,2026-10-02T13:19:24.796879+00:00,2026-10-02T13:19:28.998910+00:00,4089.200700051151,4087.5524000730366,1,1297,172,0,0,1,0,0.004314,True,0.004314,0.0022826,0,0,0,[],0,0,0,0,0.0022826,1,action,action,True,1,True,,0,0,0,0,pending; see semantic_review.csv,rows.jsonl
full_m06,A03,1,explicit_action,mailex_raw,2026-10-02T13:19:28.998910+00:00,2026-10-02T13:19:31.672698+00:00,2515.6005000462756,2513.801700086333,1,2033,202,0,0,1,0,0.006086,True,0.006086,0.006086,0,0,0,[],0,0,0,0,0.006086,1,action,action,True,1,True,,0,0,0,0,pending; see semantic_review.csv,rows.jsonl
full_m01,A17,1,explicit_action,authored,2026-10-02T13:19:31.672698+00:00,2026-10-02T13:19:33.919825+00:00,2125.332099967636,2124.0867999149486,1,1311,164,0,0,1,0,0.0002131,True,0.0002131,0.00011746,0,0,0,[],0,0,0,0,0.00011746,1,needs_review,needs_review,True,0,True,,0,0,0,0,pending; see semantic_review.csv,rows.jsonl
full_m02,A17,1,explicit_action,authored,2026-10-02T13:19:33.919825+00:00,2026-10-02T13:19:38.129586+00:00,4092.846399988048,4091.8893000343814,1,1325,583,0,0,1,0,0.00049025,True,0.00049025,0.00049025,0,0,0,[],0,0,0,0,0.00049025,1,needs_review,needs_review,True,0,True,,0,0,0,0,pending; see semantic_review.csv,rows.jsonl
full_m03,A17,1,explicit_action,authored,2026-10-02T13:19:38.129586+00:00,2026-10-02T13:19:41.010729+00:00,2638.5407999623567,2635.9215999254957,2,2977,238,0,0,2,0,0.0014881,True,0.0014881,0.0014881,0,1249.0697999019176,0.0007774,"[{""stage"": ""extraction"", ""initial_error"": ""Expecting value: line 1 column 1 (char 0)"", ""quote_diagnostics"": [], ""attempted"": true, ""outcome"": ""validation_failure"", ""final_error"": ""Expecting value: line 1 column 1 (char 0)""}]",0,1,0,0,0.0014881,2,needs_review,needs_review,True,0,True,,1,0,0,1,pending; see semantic_review.csv,rows.jsonl
full_m04,A17,1,explicit_action,authored,2026-10-02T13:19:41.011730+00:00,2026-10-02T13:19:52.985424+00:00,11743.063999922015,11740.927399951033,2,2978,1266,0,0,2,0,0.006981,True,0.006981,0.006981,0,5198.257899959572,0.0031155,"[{""stage"": ""extraction"", ""initial_error"": ""Expecting value: line 1 column 1 (char 0)"", ""quote_diagnostics"": [], ""attempted"": true, ""outcome"": ""validated""}]",1,0,0,0,0.006981,2,needs_review,needs_review,True,0,True,,1,0,0,0,pending; see semantic_review.csv,rows.jsonl
full_m05,A17,1,explicit_action,authored,2026-10-02T13:19:52.985424+00:00,2026-10-02T13:19:56.740308+00:00,3650.865099974908,3649.5258000213653,1,1311,101,0,0,1,0,0.003632,True,0.003632,0.0016076,0,0,0,[],0,0,0,0,0.0016076,1,needs_review,needs_review,True,0,True,,0,0,0,0,pending; see semantic_review.csv,rows.jsonl
full_m06,A17,1,explicit_action,authored,2026-10-02T13:19:56.740308+00:00,2026-10-02T13:19:59.386649+00:00,2554.966599913314,2553.6000999854878,1,2042,175,0,0,1,0,0.005834,True,0.005834,0.005834,0,0,0,[],0,0,0,0,0.005834,1,needs_review,needs_review,True,0,True,,0,0,0,0,pending; see semantic_review.csv,rows.jsonl
full_m01,A18,1,explicit_action,authored,2026-10-02T13:19:59.387273+00:00,2026-10-02T13:20:03.614588+00:00,4100.594099843875,4099.094499950297,1,1297,166,0,0,1,0,0.0002127,True,0.0002127,0.00011671,0,0,0,[],0,0,0,0,0.00011671,1,needs_review,needs_review,True,0,True,,0,0,0,0,pending; see semantic_review.csv,rows.jsonl
full_m02,A18,1,explicit_action,authored,2026-10-02T13:20:03.614588+00:00,2026-10-02T13:20:12.431066+00:00,8660.18299991265,8658.886600052938,1,1311,866,0,0,1,0,0.0006296499999999999,True,0.0006296499999999999,0.00062965,0,0,0,[],0,0,0,0,0.00062965,1,needs_review,needs_review,True,0,True,,0,0,0,0,pending; see semantic_review.csv,rows.jsonl
full_m03,A18,1,explicit_action,authored,2026-10-02T13:20:12.431066+00:00,2026-10-02T13:20:14.953104+00:00,2231.429199804552,2229.4668997637928,2,2929,200,0,0,2,0,0.0013787,True,0.0013787,0.0013787,0,1116.147599881515,0.0007222,"[{""stage"": ""extraction"", ""initial_error"": ""Expecting value: line 1 column 1 (char 0)"", ""quote_diagnostics"": [], ""attempted"": true, ""outcome"": ""validation_failure"", ""final_error"": ""Expecting value: line 1 column 1 (char 0)""}]",0,1,0,0,0.0013787,2,needs_review,needs_review,True,0,True,,1,0,0,1,pending; see semantic_review.csv,rows.jsonl
full_m04,A18,1,explicit_action,authored,2026-10-02T13:20:14.954238+00:00,2026-10-02T13:20:36.693418+00:00,21397.075500222854,21393.99410004262,2,2986,2859,0,0,2,0,0.01296075,True,0.01296075,0.01296075,0,8353.9374001557,0.005577,"[{""stage"": ""extraction"", ""initial_error"": ""Expecting value: line 1 column 1 (char 0)"", ""quote_diagnostics"": [], ""attempted"": true, ""outcome"": ""validated""}]",1,0,0,0,0.01296075,2,needs_review,action,False,1,True,,1,0,0,0,pending; see semantic_review.csv,rows.jsonl
full_m05,A18,1,explicit_action,authored,2026-10-02T13:20:36.694031+00:00,2026-10-02T13:20:39.995670+00:00,3188.598099979572,3186.956000048667,1,1297,96,0,0,1,0,0.003554,True,0.003554,0.0015226,0,0,0,[],0,0,0,0,0.0015226,1,needs_review,needs_review,True,0,True,,0,0,0,0,pending; see semantic_review.csv,rows.jsonl
full_m06,A18,1,explicit_action,authored,2026-10-02T13:20:39.996671+00:00,2026-10-02T13:20:42.448603+00:00,2341.762499883771,2340.103799942881,1,2023,134,0,0,1,0,0.005386,True,0.005386,0.005386,0,0,0,[],0,0,0,0,0.005386,1,needs_review,needs_review,True,0,True,,0,0,0,0,pending; see semantic_review.csv,rows.jsonl
full_m01,A06,1,explicit_action,mailex_raw,2026-10-02T13:20:42.450110+00:00,2026-10-02T13:20:45.355168+00:00,2768.2904000394046,2766.9295999221504,1,1312,258,0,0,1,0,0.0002602,True,0.0002602,0.000164585,0,0,0,[],0,0,0,0,0.000164585,1,action,action,True,1,True,,0,0,0,0,pending; see semantic_review.csv,rows.jsonl
full_m02,A06,1,explicit_action,mailex_raw,2026-10-02T13:20:45.355679+00:00,2026-10-02T13:21:18.511968+00:00,32905.34169995226,32902.84100000281,2,3029,2188,0,0,2,0,0.00154835,True,0.00154835,0.00140243,0,11345.369199989364,0.00063158,"[{""stage"": ""extraction"", ""initial_error"": ""Expecting value: line 1 column 1 (char 0)"", ""quote_diagnostics"": [], ""attempted"": true, ""outcome"": ""validated""}]",1,0,0,0,0.00140243,2,action,action,True,1,True,,1,0,0,0,pending; see semantic_review.csv,rows.jsonl
full_m03,A06,1,explicit_action,mailex_raw,2026-10-02T13:21:18.511968+00:00,2026-10-02T13:21:24.218772+00:00,3223.7175999907777,3221.5095999417827,2,3062,468,0,0,2,0,0.0020886,True,0.0020886,0.0020886000000000004,0,1579.931499902159,0.0011046,"[{""stage"": ""extraction"", ""initial_error"": ""Expecting value: line 1 column 1 (char 0)"", ""quote_diagnostics"": [], ""attempted"": true, ""outcome"": ""validation_failure"", ""final_error"": ""Expecting value: line 1 column 1 (char 0)""}]",0,1,0,0,0.0020886000000000004,2,action,needs_review,False,0,True,,1,0,0,1,pending; see semantic_review.csv,rows.jsonl
full_m04,A06,1,explicit_action,mailex_raw,2026-10-02T13:21:24.219773+00:00,2026-10-02T13:21:40.537030+00:00,16085.764500079677,16083.588900160976,2,3067,1964,0,0,2,0,0.00966525,True,0.00966525,0.00966525,0,6249.070700141601,0.003744,"[{""stage"": ""extraction"", ""initial_error"": ""Expecting value: line 1 column 1 (char 0)"", ""quote_diagnostics"": [], ""attempted"": true, ""outcome"": ""validated""}]",1,0,0,0,0.00966525,2,action,action,True,1,True,,1,0,0,0,pending; see semantic_review.csv,rows.jsonl
full_m05,A06,1,explicit_action,mailex_raw,2026-10-02T13:21:40.537030+00:00,2026-10-02T13:21:44.358380+00:00,3695.7047999603674,3694.8741999221966,1,1312,152,0,0,1,0,0.004144,True,0.004144,0.0021201,0,0,0,[],0,0,0,0,0.0021201,1,action,action,True,1,True,,0,0,0,0,pending; see semantic_review.csv,rows.jsonl
full_m06,A06,1,explicit_action,mailex_raw,2026-10-02T13:21:44.359884+00:00,2026-10-02T13:21:50.963301+00:00,6479.859699960798,6478.822899982333,1,2060,509,0,0,1,0,0.00921,True,0.00921,0.00921,0,0,0,[],0,0,0,0,0.00921,1,action,action,True,1,True,,0,0,0,0,pending; see semantic_review.csv,rows.jsonl
full_m01,A19,1,explicit_action,authored,2026-10-02T13:21:50.963301+00:00,2026-10-02T13:21:53.091503+00:00,2007.2171998908743,2006.280199973844,1,1303,125,0,0,1,0,0.00019279999999999997,True,0.00019279999999999997,9.696e-05,0,0,0,[],0,0,0,0,9.696e-05,1,needs_review,needs_review,True,0,True,,0,0,0,0,pending; see semantic_review.csv,rows.jsonl
full_m02,A19,1,explicit_action,authored,2026-10-02T13:21:53.091503+00:00,2026-10-02T13:22:16.268393+00:00,22937.764699803665,22935.695499763824,2,2889,2175,0,0,2,0,0.0015208499999999998,True,0.0015208499999999998,0.0012443699999999999,0,14119.349599815905,0.00067388,"[{""stage"": ""extraction"", ""initial_error"": ""Expecting value: line 1 column 1 (char 0)"", ""quote_diagnostics"": [], ""attempted"": true, ""outcome"": ""validated""}]",1,0,0,0,0.0012443699999999999,2,needs_review,needs_review,True,0,True,,1,0,0,0,pending; see semantic_review.csv,rows.jsonl
full_m03,A19,1,explicit_action,authored,2026-10-02T13:22:16.268393+00:00,2026-10-02T13:22:18.666750+00:00,2142.9894998436794,2141.0970997530967,2,2944,202,0,0,2,0,0.0013881999999999998,True,0.0013881999999999998,0.0013882,0,1125.2676998265088,0.0007271,"[{""stage"": ""extraction"", ""initial_error"": ""Expecting value: line 1 column 1 (char 0)"", ""quote_diagnostics"": [], ""attempted"": true, ""outcome"": ""validation_failure"", ""final_error"": ""Expecting value: line 1 column 1 (char 0)""}]",0,1,0,0,0.0013882,2,needs_review,needs_review,True,0,True,,1,0,0,1,pending; see semantic_review.csv,rows.jsonl
full_m04,A19,1,explicit_action,authored,2026-10-02T13:22:18.666750+00:00,2026-10-02T13:22:32.135134+00:00,13200.39079990238,13198.568899999373,2,2945,1573,0,0,2,0,0.0081075,True,0.0081075,0.0081075,0,6026.401600101963,0.0040635,"[{""stage"": ""extraction"", ""initial_error"": ""Expecting value: line 1 column 1 (char 0)"", ""quote_diagnostics"": [], ""attempted"": true, ""outcome"": ""validated""}]",1,0,0,0,0.0081075,2,needs_review,needs_review,True,0,True,,1,0,0,0,pending; see semantic_review.csv,rows.jsonl
full_m05,A19,1,explicit_action,authored,2026-10-02T13:22:32.136735+00:00,2026-10-02T13:22:35.934820+00:00,3654.8955999314785,3653.921499964781,1,1303,74,0,0,1,0,0.003346,True,0.003346,0.0013176,0,0,0,[],0,0,0,0,0.0013176,1,needs_review,needs_review,True,0,True,,0,0,0,0,pending; see semantic_review.csv,rows.jsonl
full_m06,A19,1,explicit_action,authored,2026-10-02T13:22:35.934820+00:00,2026-10-02T13:22:38.428983+00:00,2358.3165999734774,2357.3855999857187,1,2042,155,0,0,1,0,0.005634,True,0.005634,0.005634,0,0,0,[],0,0,0,0,0.005634,1,needs_review,needs_review,True,0,True,,0,0,0,0,pending; see semantic_review.csv,rows.jsonl
full_m01,A08,1,explicit_action,mailex_raw,2026-10-02T13:22:38.428983+00:00,2026-10-02T13:22:42.722856+00:00,4176.707800128497,4175.641399924643,1,1306,207,0,0,1,0,0.0002341,True,0.0002341,0.000138335,0,0,0,[],0,0,0,0,0.000138335,1,action,action,True,1,True,,0,0,0,0,pending; see semantic_review.csv,rows.jsonl
full_m02,A08,1,explicit_action,mailex_raw,2026-10-02T13:22:42.722856+00:00,2026-10-02T13:23:13.665130+00:00,30667.191799962893,30664.421899826266,2,2955,3019,0,0,2,0,0.0019527499999999998,True,0.0019527499999999998,0.00164173,0,12181.350399972871,0.00066476,"[{""stage"": ""extraction"", ""initial_error"": ""Expecting value: line 1 column 1 (char 0)"", ""quote_diagnostics"": [], ""attempted"": true, ""outcome"": ""validated""}]",1,0,0,0,0.00164173,2,action,action,True,1,True,,1,0,0,0,pending; see semantic_review.csv,rows.jsonl
full_m03,A08,1,explicit_action,mailex_raw,2026-10-02T13:23:13.665130+00:00,2026-10-02T13:23:16.628294+00:00,2669.4444998865947,2667.4248998751864,2,3017,370,0,0,2,0,0.0018300999999999999,True,0.0018300999999999999,0.0018301,0,1349.6404000325128,0.0009564,"[{""stage"": ""extraction"", ""initial_error"": ""Expecting value: line 1 column 1 (char 0)"", ""quote_diagnostics"": [], ""attempted"": true, ""outcome"": ""validation_failure"", ""final_error"": ""Expecting value: line 1 column 1 (char 0)""}]",0,1,0,0,0.0018301,2,action,needs_review,False,0,True,,1,0,0,1,pending; see semantic_review.csv,rows.jsonl
full_m04,A08,1,explicit_action,mailex_raw,2026-10-02T13:23:16.628294+00:00,2026-10-02T13:23:30.572408+00:00,13703.98150011897,13702.038000221364,2,3022,1622,0,0,2,0,0.008349,True,0.008349,0.008349,0,5943.478400120512,0.00372975,"[{""stage"": ""extraction"", ""initial_error"": ""Expecting value: line 1 column 1 (char 0)"", ""quote_diagnostics"": [], ""attempted"": true, ""outcome"": ""validated""}]",1,0,0,0,0.008349,2,action,action,True,1,True,,1,0,0,0,pending; see semantic_review.csv,rows.jsonl
full_m05,A08,1,explicit_action,mailex_raw,2026-10-02T13:23:30.573412+00:00,2026-10-02T13:23:34.681818+00:00,3978.0811000382528,3976.895699976012,1,1306,171,0,0,1,0,0.004322,True,0.004322,0.0022951,0,0,0,[],0,0,0,0,0.0022951,1,action,action,True,1,True,,0,0,0,0,pending; see semantic_review.csv,rows.jsonl
full_m06,A08,1,explicit_action,mailex_raw,2026-10-02T13:23:34.681818+00:00,2026-10-02T13:23:37.430114+00:00,2630.4632999235764,2629.491899977438,1,2040,183,0,0,1,0,0.00591,True,0.00591,0.00591,0,0,0,[],0,0,0,0,0.00591,1,action,action,True,1,True,,0,0,0,0,pending; see semantic_review.csv,rows.jsonl
full_m01,A09,1,explicit_action,mailex_raw,2026-10-02T13:23:37.430114+00:00,2026-10-02T13:23:40.559567+00:00,3042.8260000189766,3041.76870000083,1,1371,235,0,0,1,0,0.0002546,True,0.0002546,0.00016046,0,0,0,[],0,0,0,0,0.00016046,1,action,action,True,1,True,,0,0,0,0,pending; see semantic_review.csv,rows.jsonl
full_m02,A09,1,explicit_action,mailex_raw,2026-10-02T13:23:40.559567+00:00,2026-10-02T13:23:55.216049+00:00,14431.463500019163,14430.03539997153,1,1384,596,0,0,1,0,0.0005056,True,0.0005056,0.0005056,0,0,0,[],0,0,0,0,0.0005056,1,action,action,True,1,True,,0,0,0,0,pending; see semantic_review.csv,rows.jsonl
full_m03,A09,1,explicit_action,mailex_raw,2026-10-02T13:23:55.217055+00:00,2026-10-02T13:23:58.190396+00:00,2762.3860999010503,2760.7414999511093,2,3148,352,0,0,2,0,0.0018244,True,0.0018244,0.0018244,0,1397.9180998867378,0.00095,"[{""stage"": ""extraction"", ""initial_error"": ""Expecting value: line 1 column 1 (char 0)"", ""quote_diagnostics"": [], ""attempted"": true, ""outcome"": ""validation_failure"", ""final_error"": ""Expecting value: line 1 column 1 (char 0)""}]",0,1,0,0,0.0018244,2,action,needs_review,False,0,True,,1,0,0,1,pending; see semantic_review.csv,rows.jsonl
full_m04,A09,1,explicit_action,mailex_raw,2026-10-02T13:23:58.190396+00:00,2026-10-02T13:24:11.538426+00:00,13112.09160008002,13110.060700098984,2,3140,1476,0,0,2,0,0.00789,True,0.00789,0.00789,0,6775.0713002169505,0.0042765,"[{""stage"": ""extraction"", ""initial_error"": ""Expecting value: line 1 column 1 (char 0)"", ""quote_diagnostics"": [], ""attempted"": true, ""outcome"": ""validated""}]",1,0,0,0,0.00789,2,action,action,True,1,True,,1,0,0,0,pending; see semantic_review.csv,rows.jsonl
full_m05,A09,1,explicit_action,mailex_raw,2026-10-02T13:24:11.538426+00:00,2026-10-02T13:24:15.601865+00:00,3931.266100029461,3930.212099920027,1,1371,211,0,0,1,0,0.004852,True,0.004852,0.0028576,0,0,0,[],0,0,0,0,0.0028576,1,action,action,True,1,True,,0,0,0,0,pending; see semantic_review.csv,rows.jsonl
full_m06,A09,1,explicit_action,mailex_raw,2026-10-02T13:24:15.602874+00:00,2026-10-02T13:24:18.532911+00:00,2825.153599958867,2824.2278000107035,1,2115,238,0,0,1,0,0.00661,True,0.00661,0.00661,0,0,0,[],0,0,0,0,0.00661,1,action,action,True,1,True,,0,0,0,0,pending; see semantic_review.csv,rows.jsonl
full_m01,A20,1,explicit_action,authored,2026-10-02T13:24:18.533907+00:00,2026-10-02T13:24:21.241991+00:00,2588.0093998275697,2586.9400998344645,1,1309,144,0,0,1,0,0.00020289999999999997,True,0.00020289999999999997,0.00010721,0,0,0,[],0,0,0,0,0.00010721,1,needs_review,needs_review,True,0,True,,0,0,0,0,pending; see semantic_review.csv,rows.jsonl
full_m02,A20,1,explicit_action,authored,2026-10-02T13:24:21.241991+00:00,2026-10-02T13:24:35.578609+00:00,14094.935100176372,14092.960800160654,2,2946,1247,0,0,2,0,0.0010654,True,0.0010654,0.0010654000000000002,0,5304.111400037073,0.0005483,"[{""stage"": ""extraction"", ""initial_error"": ""Expecting value: line 1 column 1 (char 0)"", ""quote_diagnostics"": [], ""attempted"": true, ""outcome"": ""validated""}]",1,0,0,0,0.0010654000000000002,2,needs_review,needs_review,True,0,True,,1,0,0,0,pending; see semantic_review.csv,rows.jsonl
full_m03,A20,1,explicit_action,authored,2026-10-02T13:24:35.578609+00:00,2026-10-02T13:24:38.835027+00:00,3024.702399969101,3022.852999973111,2,3092,446,0,0,2,0,0.0020426,True,0.0020426,0.0020426000000000003,0,1600.0996000366285,0.0010732,"[{""stage"": ""extraction"", ""initial_error"": ""Expecting value: line 1 column 1 (char 0)"", ""quote_diagnostics"": [], ""attempted"": true, ""outcome"": ""validation_failure"", ""final_error"": ""Expecting value: line 1 column 1 (char 0)""}]",0,1,0,0,0.0020426000000000003,2,needs_review,needs_review,True,0,True,,1,0,0,1,pending; see semantic_review.csv,rows.jsonl
full_m04,A20,1,explicit_action,authored,2026-10-02T13:24:38.835027+00:00,2026-10-02T13:25:10.475647+00:00,31383.259400026873,31381.285400129855,2,2945,4088,0,0,2,0,0.01753875,True,0.01753875,0.01753875,0,15987.253400031477,0.008844,"[{""stage"": ""extraction"", ""initial_error"": ""Expecting value: line 1 column 1 (char 0)"", ""quote_diagnostics"": [], ""attempted"": true, ""outcome"": ""validation_failure"", ""final_error"": ""Expecting value: line 1 column 1 (char 0)""}]",0,1,0,0,0.01753875,2,needs_review,needs_review,True,0,True,,1,0,0,1,pending; see semantic_review.csv,rows.jsonl
full_m05,A20,1,explicit_action,authored,2026-10-02T13:25:10.475647+00:00,2026-10-02T13:25:14.591792+00:00,3994.878599885851,3993.9739998662844,1,1309,129,0,0,1,0,0.003908,True,0.003908,0.003908,0,0,0,[],0,0,0,0,0.003908,1,needs_review,needs_review,True,0,True,,0,0,0,0,pending; see semantic_review.csv,rows.jsonl
full_m06,A20,1,explicit_action,authored,2026-10-02T13:25:14.591792+00:00,2026-10-02T13:25:17.027569+00:00,2308.62949998118,2307.491699932143,1,2043,162,0,0,1,0,0.005706,True,0.005706,0.005706,0,0,0,[],0,0,0,0,0.005706,1,needs_review,needs_review,True,0,True,,0,0,0,0,pending; see semantic_review.csv,rows.jsonl
full_m01,A11,1,explicit_action,mailex_raw,2026-10-02T13:25:17.027569+00:00,2026-10-02T13:25:20.532728+00:00,3400.5691000493243,3399.5993001153693,1,1309,176,0,0,1,0,0.00021889999999999998,True,0.00021889999999999998,0.00012321,0,0,0,[],0,0,0,0,0.00012321,1,action,action,True,1,True,,0,0,0,0,pending; see semantic_review.csv,rows.jsonl
full_m02,A11,1,explicit_action,mailex_raw,2026-10-02T13:25:20.533728+00:00,2026-10-02T13:25:41.908032+00:00,21252.829500008374,21251.540299970657,1,1322,805,0,0,1,0,0.0006008,True,0.0006008,0.000348464,0,0,0,[],0,0,0,0,0.000348464,1,action,action,True,1,True,,0,0,0,0,pending; see semantic_review.csv,rows.jsonl
full_m03,A11,1,explicit_action,mailex_raw,2026-10-02T13:25:41.908032+00:00,2026-10-02T13:25:44.956450+00:00,2793.897399911657,2791.5857998887077,2,3029,400,0,0,2,0,0.0019087000000000002,True,0.0019087000000000002,0.0019087000000000002,0,1291.5760999312624,0.001005,"[{""stage"": ""extraction"", ""initial_error"": ""Expecting value: line 1 column 1 (char 0)"", ""quote_diagnostics"": [], ""attempted"": true, ""outcome"": ""validation_failure"", ""final_error"": ""Expecting value: line 1 column 1 (char 0)""}]",0,1,0,0,0.0019087000000000002,2,action,needs_review,False,0,True,,1,0,0,1,pending; see semantic_review.csv,rows.jsonl
full_m04,A11,1,explicit_action,mailex_raw,2026-10-02T13:25:44.956450+00:00,2026-10-02T13:25:54.817662+00:00,9653.202200075611,9651.095500099473,2,3030,1033,0,0,2,0,0.00614625,True,0.00614625,0.00614625,0,4669.40750007052,0.003192,"[{""stage"": ""extraction"", ""initial_error"": ""Expecting value: line 1 column 1 (char 0)"", ""quote_diagnostics"": [], ""attempted"": true, ""outcome"": ""validated""}]",1,0,0,0,0.00614625,2,action,action,True,1,True,,1,0,0,0,pending; see semantic_review.csv,rows.jsonl
full_m05,A11,1,explicit_action,mailex_raw,2026-10-02T13:25:54.817662+00:00,2026-10-02T13:25:58.546256+00:00,3603.317500092089,3602.267500013113,1,1309,125,0,0,1,0,0.003868,True,0.003868,0.0018426,0,0,0,[],0,0,0,0,0.0018426,1,action,action,True,1,True,,0,0,0,0,pending; see semantic_review.csv,rows.jsonl
full_m06,A11,1,explicit_action,mailex_raw,2026-10-02T13:25:58.546256+00:00,2026-10-02T13:26:01.967846+00:00,3286.7362999822944,3285.6070999987423,1,2035,196,0,0,1,0,0.00603,True,0.00603,0.00603,0,0,0,[],0,0,0,0,0.00603,1,action,action,True,1,True,,0,0,0,0,pending; see semantic_review.csv,rows.jsonl
full_m01,A21,1,explicit_action,authored,2026-10-02T13:26:01.969060+00:00,2026-10-02T13:26:04.767243+00:00,2705.8585000922903,2704.5699001755565,1,1290,154,0,0,1,0,0.000206,True,0.000206,0.000109835,0,0,0,[],0,0,0,0,0.000109835,1,action,action,True,1,True,,0,0,0,0,pending; see semantic_review.csv,rows.jsonl
full_m02,A21,1,explicit_action,authored,2026-10-02T13:26:04.767243+00:00,2026-10-02T13:26:24.659489+00:00,19661.298000020906,19659.293100005016,2,2916,794,0,0,2,0,0.0008343999999999999,True,0.0008343999999999999,0.0006543300000000001,0,1998.728199978359,0.00042515,"[{""stage"": ""extraction"", ""initial_error"": ""Expecting value: line 1 column 1 (char 0)"", ""quote_diagnostics"": [], ""attempted"": true, ""outcome"": ""validated""}]",1,0,0,0,0.0006543300000000001,2,action,action,True,1,True,,1,0,0,0,pending; see semantic_review.csv,rows.jsonl
full_m03,A21,1,explicit_action,authored,2026-10-02T13:26:24.660488+00:00,2026-10-02T13:26:27.696118+00:00,2823.244799859822,2821.7606998514384,2,3022,407,0,0,2,0,0.0019240999999999998,True,0.0019240999999999998,0.0019240999999999998,0,1333.7469999678433,0.0010216,"[{""stage"": ""extraction"", ""initial_error"": ""Expecting value: line 1 column 1 (char 0)"", ""quote_diagnostics"": [], ""attempted"": true, ""outcome"": ""validation_failure"", ""final_error"": ""Expecting value: line 1 column 1 (char 0)""}]",0,1,0,0,0.0019240999999999998,2,action,needs_review,False,0,True,,1,0,0,1,pending; see semantic_review.csv,rows.jsonl
full_m04,A21,1,explicit_action,authored,2026-10-02T13:26:27.697509+00:00,2026-10-02T13:26:40.877853+00:00,12920.377000235021,12918.40590024367,2,3017,1493,0,0,2,0,0.0078615,True,0.0078615,0.0078615,0,5850.798400118947,0.0038265,"[{""stage"": ""extraction"", ""initial_error"": ""Expecting value: line 1 column 1 (char 0)"", ""quote_diagnostics"": [], ""attempted"": true, ""outcome"": ""validated""}]",1,0,0,0,0.0078615,2,action,action,True,1,True,,1,0,0,0,pending; see semantic_review.csv,rows.jsonl
full_m05,A21,1,explicit_action,authored,2026-10-02T13:26:40.877853+00:00,2026-10-02T13:26:43.985687+00:00,2995.655499980785,2994.555299868807,1,1290,114,0,0,1,0,0.00372,True,0.00372,0.0016851,0,0,0,[],0,0,0,0,0.0016851,1,action,action,True,1,True,,0,0,0,0,pending; see semantic_review.csv,rows.jsonl
full_m06,A21,1,explicit_action,authored,2026-10-02T13:26:43.985687+00:00,2026-10-02T13:26:46.908623+00:00,2800.0124000245705,2799.0305999992415,1,2019,193,0,0,1,0,0.005968,True,0.005968,0.005968,0,0,0,[],0,0,0,0,0.005968,1,action,action,True,1,True,,0,0,0,0,pending; see semantic_review.csv,rows.jsonl
full_m01,A22,1,explicit_action,authored,2026-10-02T13:26:46.908623+00:00,2026-10-02T13:26:51.542151+00:00,4522.1733001526445,4521.18490007706,1,1300,231,0,0,1,0,0.0002455,True,0.0002455,0.000149585,0,0,0,[],0,0,0,0,0.000149585,1,action,action,True,1,True,,0,0,0,0,pending; see semantic_review.csv,rows.jsonl
full_m02,A22,1,explicit_action,authored,2026-10-02T13:26:51.542151+00:00,2026-10-02T13:26:59.198039+00:00,7513.172099832445,7512.089699856006,1,1313,772,0,0,1,0,0.00058295,True,0.00058295,0.00058295,0,0,0,[],0,0,0,0,0.00058295,1,action,action,True,1,True,,0,0,0,0,pending; see semantic_review.csv,rows.jsonl
full_m03,A22,1,explicit_action,authored,2026-10-02T13:26:59.198039+00:00,2026-10-02T13:27:02.867138+00:00,3408.8919998612255,3407.2046000510454,2,3068,442,0,0,2,0,0.0020254,True,0.0020254,0.0020254,0,1811.0015001147985,0.0010643,"[{""stage"": ""extraction"", ""initial_error"": ""Expecting value: line 1 column 1 (char 0)"", ""quote_diagnostics"": [], ""attempted"": true, ""outcome"": ""validation_failure"", ""final_error"": ""Expecting value: line 1 column 1 (char 0)""}]",0,1,0,0,0.0020254,2,action,needs_review,False,0,True,,1,0,0,1,pending; see semantic_review.csv,rows.jsonl
full_m04,A22,1,explicit_action,authored,2026-10-02T13:27:02.867138+00:00,2026-10-02T13:27:16.667373+00:00,13576.832900056615,13574.925600085407,2,3082,1506,0,0,2,0,0.007958999999999999,True,0.007958999999999999,0.007958999999999999,0,7254.884400055744,0.0042675,"[{""stage"": ""extraction"", ""initial_error"": ""Expecting value: line 1 column 1 (char 0)"", ""quote_diagnostics"": [], ""attempted"": true, ""outcome"": ""validated""}]",1,0,0,0,0.007958999999999999,2,action,action,True,1,True,,1,0,0,0,pending; see semantic_review.csv,rows.jsonl
full_m05,A22,1,explicit_action,authored,2026-10-02T13:27:16.667373+00:00,2026-10-02T13:27:21.170534+00:00,4384.203499997966,4383.263399940915,1,1300,183,0,0,1,0,0.00443,True,0.00443,0.0024001,0,0,0,[],0,0,0,0,0.0024001,1,action,action,True,1,True,,0,0,0,0,pending; see semantic_review.csv,rows.jsonl
full_m06,A22,1,explicit_action,authored,2026-10-02T13:27:21.171404+00:00,2026-10-02T13:27:24.325614+00:00,3058.461699867621,3057.538599940017,1,2031,220,0,0,1,0,0.006262,True,0.006262,0.006262,0,0,0,[],0,0,0,0,0.006262,1,action,action,True,1,True,,0,0,0,0,pending; see semantic_review.csv,rows.jsonl
full_m01,A23,1,explicit_action,authored,2026-10-02T13:27:24.325614+00:00,2026-10-02T13:27:27.742033+00:00,3314.378200098872,3313.299500150606,1,1285,177,0,0,1,0,0.000217,True,0.000217,0.00012071,0,0,0,[],0,0,0,0,0.00012071,1,action,action,True,1,True,,0,0,0,0,pending; see semantic_review.csv,rows.jsonl
full_m02,A23,1,explicit_action,authored,2026-10-02T13:27:27.742033+00:00,2026-10-02T13:27:35.118503+00:00,7257.778599858284,7256.6855000332,1,1299,439,0,0,1,0,0.00041435,True,0.00041435,0.00041435,0,0,0,[],0,0,0,0,0.00041435,1,action,action,True,1,True,,0,0,0,0,pending; see semantic_review.csv,rows.jsonl
full_m03,A23,1,explicit_action,authored,2026-10-02T13:27:35.118503+00:00,2026-10-02T13:27:38.068771+00:00,2737.637300277129,2735.6449003564194,2,2975,332,0,0,2,0,0.0017224999999999999,True,0.0017224999999999999,0.0017225,0,1465.6624001218006,0.0009046,"[{""stage"": ""extraction"", ""initial_error"": ""Expecting value: line 1 column 1 (char 0)"", ""quote_diagnostics"": [], ""attempted"": true, ""outcome"": ""validation_failure"", ""final_error"": ""Expecting value: line 1 column 1 (char 0)""}]",0,1,0,0,0.0017225,2,action,needs_review,False,0,True,,1,0,0,1,pending; see semantic_review.csv,rows.jsonl
full_m04,A23,1,explicit_action,authored,2026-10-02T13:27:38.069775+00:00,2026-10-02T13:27:49.224618+00:00,10907.036500051618,10904.971199925058,2,2972,1341,0,0,2,0,0.00725775,True,0.00725775,0.00725775,0,5061.24449998606,0.003813,"[{""stage"": ""extraction"", ""initial_error"": ""Expecting value: line 1 column 1 (char 0)"", ""quote_diagnostics"": [], ""attempted"": true, ""outcome"": ""validated""}]",1,0,0,0,0.00725775,2,action,action,True,1,True,,1,0,0,0,pending; see semantic_review.csv,rows.jsonl
full_m05,A23,1,explicit_action,authored,2026-10-02T13:27:49.224618+00:00,2026-10-02T13:27:53.751424+00:00,4399.819199927151,4398.005899856798,1,1285,142,0,0,1,0,0.00399,True,0.00399,0.0019526,0,0,0,[],0,0,0,0,0.0019526,1,action,action,True,1,True,,0,0,0,0,pending; see semantic_review.csv,rows.jsonl
full_m06,A23,1,explicit_action,authored,2026-10-02T13:27:53.751424+00:00,2026-10-02T13:27:56.331136+00:00,2462.6481999875978,2461.4895000122488,1,2014,192,0,0,1,0,0.005948,True,0.005948,0.005948,0,0,0,[],0,0,0,0,0.005948,1,action,action,True,1,True,,0,0,0,0,pending; see semantic_review.csv,rows.jsonl
full_m01,A24,1,explicit_action,authored,2026-10-02T13:27:56.332694+00:00,2026-10-02T13:27:59.866827+00:00,3424.5450000744313,3423.482700018212,1,1292,159,0,0,1,0,0.00020869999999999998,True,0.00020869999999999998,0.000112585,0,0,0,[],0,0,0,0,0.000112585,1,action,action,True,1,True,,0,0,0,0,pending; see semantic_review.csv,rows.jsonl
full_m02,A24,1,explicit_action,authored,2026-10-02T13:27:59.866827+00:00,2026-10-02T13:28:24.133724+00:00,24046.647600014694,24044.239100068808,2,2928,1237,0,0,2,0,0.0010577,True,0.0010577,0.000860342,0,4355.313800042495,0.0005878,"[{""stage"": ""extraction"", ""initial_error"": ""Expecting value: line 1 column 1 (char 0)"", ""quote_diagnostics"": [], ""attempted"": true, ""outcome"": ""validated""}]",1,0,0,0,0.000860342,2,action,action,True,1,True,,1,0,0,0,pending; see semantic_review.csv,rows.jsonl
full_m03,A24,1,explicit_action,authored,2026-10-02T13:28:24.133724+00:00,2026-10-02T13:28:27.275867+00:00,2881.143599981442,2879.092799848877,2,3036,422,0,0,2,0,0.0019658,True,0.0019658,0.0019658,0,1330.063399975188,0.001033,"[{""stage"": ""extraction"", ""initial_error"": ""Expecting value: line 1 column 1 (char 0)"", ""quote_diagnostics"": [], ""attempted"": true, ""outcome"": ""validation_failure"", ""final_error"": ""Expecting value: line 1 column 1 (char 0)""}]",0,1,0,0,0.0019658,2,action,needs_review,False,0,True,,1,0,0,1,pending; see semantic_review.csv,rows.jsonl
full_m04,A24,1,explicit_action,authored,2026-10-02T13:28:27.276881+00:00,2026-10-02T13:28:40.937769+00:00,13415.292300051078,13413.169899955392,2,3034,1625,0,0,2,0,0.00836925,True,0.00836925,0.00836925,0,7285.4595999233425,0.00457725,"[{""stage"": ""extraction"", ""initial_error"": ""Expecting value: line 1 column 1 (char 0)"", ""quote_diagnostics"": [], ""attempted"": true, ""outcome"": ""validated""}]",1,0,0,0,0.00836925,2,action,action,True,1,True,,1,0,0,0,pending; see semantic_review.csv,rows.jsonl
full_m05,A24,1,explicit_action,authored,2026-10-02T13:28:40.937769+00:00,2026-10-02T13:28:44.607409+00:00,3582.969499984756,3581.4603999024257,1,1292,127,0,0,1,0,0.003854,True,0.003854,0.0018201,0,0,0,[],0,0,0,0,0.0018201,1,action,action,True,1,True,,0,0,0,0,pending; see semantic_review.csv,rows.jsonl
full_m06,A24,1,explicit_action,authored,2026-10-02T13:42:26.226181+00:00,2026-10-02T13:42:30.412838+00:00,4031.414500088431,4028.888000175357,1,2024,335,0,0,1,0,0.007398,True,0.007398,0.007398,0,0,0,[],0,0,0,0,0.007398,1,action,action,True,1,True,,0,0,0,0,pending; see semantic_review.csv,rows.jsonl
full_m01,C11,1,context_dependent,mailex_raw,2026-10-02T13:42:31.813027+00:00,2026-10-02T13:42:36.569026+00:00,4584.177499869838,4580.692499876022,1,1562,374,0,0,1,0,0.0003432,True,0.0003432,0.000253835,0,0,0,[],0,0,0,0,0.000253835,1,needs_review,action,False,1,True,,0,0,0,0,pending; see semantic_review.csv,rows.jsonl
full_m02,C11,1,context_dependent,mailex_raw,2026-10-02T13:42:36.571030+00:00,2026-10-02T13:43:04.525199+00:00,27334.107700153254,27332.371900090948,1,1579,2048,0,0,0,1,0,False,,0.001079265,0,0,0,[],0,0,0,0,0.001079265,1,needs_review,needs_review,True,0,True,"Model API response has no text completion (finish_reason=length, completion_tokens=2048)",0,0,0,0,pending; see semantic_review.csv,rows.jsonl
full_m03,C11,1,context_dependent,mailex_raw,2026-10-02T13:43:04.527382+00:00,2026-10-02T13:43:07.685304+00:00,2899.0663998993114,2894.9825998861343,2,3573,363,0,0,2,0,0.0019794,True,0.0019794,0.0019794,0,1472.0662999898195,0.001043,"[{""stage"": ""extraction"", ""initial_error"": ""Expecting value: line 1 column 1 (char 0)"", ""quote_diagnostics"": [], ""attempted"": true, ""outcome"": ""validation_failure"", ""final_error"": ""Expecting value: line 1 column 1 (char 0)""}]",0,1,0,0,0.0019794,2,needs_review,needs_review,True,0,True,,1,0,0,1,pending; see semantic_review.csv,rows.jsonl
full_m04,C11,1,context_dependent,mailex_raw,2026-10-02T13:43:07.687320+00:00,2026-10-02T13:43:28.895145+00:00,20739.57150010392,20736.020700074732,2,3564,2557,0,0,2,0,0.01226175,True,0.01226175,0.01226175,0,10441.270100069232,0.005952,"[{""stage"": ""extraction"", ""initial_error"": ""Expecting value: line 1 column 1 (char 0)"", ""quote_diagnostics"": [], ""attempted"": true, ""outcome"": ""validated""}]",1,0,0,0,0.01226175,2,needs_review,action,False,1,True,,1,0,0,0,pending; see semantic_review.csv,rows.jsonl
full_m05,C11,1,context_dependent,mailex_raw,2026-10-02T13:43:28.895145+00:00,2026-10-02T13:43:37.865930+00:00,8730.464999913238,8729.008099995553,1,1562,368,0,0,1,0,0.006804,True,0.006804,0.0049051,0,0,0,[],0,0,0,0,0.0049051,1,needs_review,action,False,1,True,,0,0,0,0,pending; see semantic_review.csv,rows.jsonl
full_m06,C11,1,context_dependent,mailex_raw,2026-10-02T13:43:37.865930+00:00,2026-10-02T13:43:44.944453+00:00,6699.430100037716,6696.787299937569,1,2464,643,0,0,1,0,0.011358,True,0.011358,0.011358,0,0,0,[],0,0,0,0,0.011358,1,needs_review,action,False,1,True,,0,0,0,0,pending; see semantic_review.csv,rows.jsonl
full_m01,C02,1,context_dependent,mailex_raw,2026-10-02T13:43:44.944453+00:00,2026-10-02T13:43:51.968523+00:00,6888.469600002281,6885.65790001303,1,1711,673,0,0,1,0,0.0005076,True,0.0005076,0.00042196,0,0,0,[],0,0,0,0,0.00042196,1,action,action,True,1,True,,0,0,0,0,pending; see semantic_review.csv,rows.jsonl
full_m02,C02,1,context_dependent,mailex_raw,2026-10-02T13:43:51.968523+00:00,2026-10-02T13:44:40.862491+00:00,48535.430300049484,48528.68009998929,2,3918,3660,0,0,1,1,0.00106565,False,,0.0022180200000000002,0,21395.52250003908,0.00115237,"[{""stage"": ""extraction"", ""initial_error"": ""Expecting value: line 1 column 1 (char 0)"", ""quote_diagnostics"": [], ""attempted"": true, ""outcome"": ""api_failure"", ""final_error"": ""Model API response has no text completion (finish_reason=length, completion_tokens=2048)""}]",0,1,0,0,0.0022180200000000002,2,action,needs_review,False,0,True,"Model API response has no text completion (finish_reason=length, completion_tokens=2048)",1,0,0,0,pending; see semantic_review.csv,rows.jsonl
full_m03,C02,1,context_dependent,mailex_raw,2026-10-02T13:44:40.867079+00:00,2026-10-02T13:44:44.884530+00:00,3637.7181998686865,3633.6352000944316,2,3892,420,0,0,2,0,0.0022176,True,0.0022176,0.0022176,0,1953.8559999782592,0.0012128,"[{""stage"": ""extraction"", ""initial_error"": ""Expecting value: line 1 column 1 (char 0)"", ""quote_diagnostics"": [], ""attempted"": true, ""outcome"": ""validation_failure"", ""final_error"": ""Expecting value: line 1 column 1 (char 0)""}]",0,1,0,0,0.0022176,2,action,needs_review,False,0,True,,1,0,0,1,pending; see semantic_review.csv,rows.jsonl
full_m04,C02,1,context_dependent,mailex_raw,2026-10-02T13:44:44.884530+00:00,2026-10-02T13:45:05.634496+00:00,20353.466000175104,20350.858099991456,2,3865,2445,0,0,2,0,0.0120675,True,0.0120675,0.0120675,0,6516.961900051683,0.00408675,"[{""stage"": ""extraction"", ""initial_error"": ""Expecting value: line 1 column 1 (char 0)"", ""quote_diagnostics"": [], ""attempted"": true, ""outcome"": ""validated""}]",1,0,0,0,0.0120675,2,action,action,True,1,True,,1,0,0,0,pending; see semantic_review.csv,rows.jsonl
full_m05,C02,1,context_dependent,mailex_raw,2026-10-02T13:45:05.635812+00:00,2026-10-02T13:45:10.696356+00:00,4896.802600007504,4895.3635999932885,1,1711,244,0,0,1,0,0.005862,True,0.005862,0.0040376,0,0,0,[],0,0,0,0,0.0040376,1,action,action,True,1,True,,0,0,0,0,pending; see semantic_review.csv,rows.jsonl
full_m06,C02,1,context_dependent,mailex_raw,2026-10-02T13:45:10.698364+00:00,2026-10-02T13:45:14.180677+00:00,3353.407599963248,3350.957899936475,1,2680,253,0,0,1,0,0.00789,True,0.00789,0.00789,0,0,0,[],0,0,0,0,0.00789,1,action,action,True,1,True,,0,0,0,0,pending; see semantic_review.csv,rows.jsonl
full_m01,C03,1,context_dependent,mailex_raw,2026-10-02T13:45:14.180677+00:00,2026-10-02T13:45:18.143736+00:00,3807.4695001123473,3804.638200206682,1,1392,310,0,0,1,0,0.0002942,True,0.0002942,0.000200585,0,0,0,[],0,0,0,0,0.000200585,1,action,action,True,1,True,,0,0,0,0,pending; see semantic_review.csv,rows.jsonl
full_m02,C03,1,context_dependent,mailex_raw,2026-10-02T13:45:18.143736+00:00,2026-10-02T13:46:01.189555+00:00,42852.45280014351,42849.353100173175,1,1407,2048,0,0,0,1,0,False,,0.000716329,0,0,0,[],0,0,0,0,0.000716329,1,action,needs_review,False,0,True,"Model API response has no text completion (finish_reason=length, completion_tokens=2048)",0,0,0,0,pending; see semantic_review.csv,rows.jsonl
full_m03,C03,1,context_dependent,mailex_raw,2026-10-02T13:46:01.189555+00:00,2026-10-02T13:46:04.258558+00:00,2738.9574997359887,2735.642599640414,2,3179,339,0,0,2,0,0.0018012000000000002,True,0.0018012000000000002,0.0018012000000000002,0,1263.9661998255178,0.0009455,"[{""stage"": ""extraction"", ""initial_error"": ""Expecting value: line 1 column 1 (char 0)"", ""quote_diagnostics"": [], ""attempted"": true, ""outcome"": ""validation_failure"", ""final_error"": ""Expecting value: line 1 column 1 (char 0)""}]",0,1,0,0,0.0018012000000000002,2,action,needs_review,False,0,True,,1,0,0,1,pending; see semantic_review.csv,rows.jsonl
full_m04,C03,1,context_dependent,mailex_raw,2026-10-02T13:46:04.258558+00:00,2026-10-02T13:46:15.084344+00:00,10512.581799877807,10509.611399727874,2,3182,984,0,0,2,0,0.0060765,True,0.0060765,0.0060765,0,5270.7520998083055,0.00307725,"[{""stage"": ""extraction"", ""initial_error"": ""Expecting value: line 1 column 1 (char 0)"", ""quote_diagnostics"": [], ""attempted"": true, ""outcome"": ""validated""}]",1,0,0,0,0.0060765,2,action,action,True,1,True,,1,0,0,0,pending; see semantic_review.csv,rows.jsonl
full_m05,C03,1,context_dependent,mailex_raw,2026-10-02T13:46:15.084344+00:00,2026-10-02T13:46:18.745930+00:00,3526.058300049044,3523.0711000040174,1,1392,107,0,0,1,0,0.003854,True,0.003854,0.0018701,0,0,0,[],0,0,0,0,0.0018701,1,action,action,True,1,True,,0,0,0,0,pending; see semantic_review.csv,rows.jsonl
full_m06,C03,1,context_dependent,mailex_raw,2026-10-02T13:46:18.745930+00:00,2026-10-02T13:46:22.083373+00:00,3143.738600076176,3140.8808999694884,1,2182,181,0,0,1,0,0.006174,True,0.006174,0.006174,0,0,0,[],0,0,0,0,0.006174,1,action,action,True,1,True,,0,0,0,0,pending; see semantic_review.csv,rows.jsonl
full_m01,C04,1,context_dependent,mailex_raw,2026-10-02T13:46:22.083373+00:00,2026-10-02T13:46:29.164098+00:00,6954.137699911371,6951.564999995753,1,1676,486,0,0,1,0,0.0004106,True,0.0004106,0.000324085,0,0,0,[],0,0,0,0,0.000324085,1,no_action,no_action,True,0,True,,0,0,0,0,pending; see semantic_review.csv,rows.jsonl
full_m02,C04,1,context_dependent,mailex_raw,2026-10-02T13:46:29.164098+00:00,2026-10-02T13:46:43.895195+00:00,14138.632000074722,14132.505700108595,2,3660,1314,0,0,2,0,0.001206,True,0.001206,0.00097945,0,7600.212100194767,0.00033945,"[{""stage"": ""extraction"", ""initial_error"": ""Expecting value: line 1 column 1 (char 0)"", ""quote_diagnostics"": [], ""attempted"": true, ""outcome"": ""validated""}]",1,0,0,0,0.00097945,2,no_action,no_action,True,0,True,,1,0,0,0,pending; see semantic_review.csv,rows.jsonl
full_m03,C04,1,context_dependent,mailex_raw,2026-10-02T13:46:43.895808+00:00,2026-10-02T13:46:46.477621+00:00,2238.454399863258,2233.2592997699976,2,3686,207,0,0,2,0,0.0016232999999999998,True,0.0016232999999999998,0.0016233,0,1053.7937998306006,0.0008415,"[{""stage"": ""extraction"", ""initial_error"": ""Expecting value: line 1 column 1 (char 0)"", ""quote_diagnostics"": [], ""attempted"": true, ""outcome"": ""validation_failure"", ""final_error"": ""Expecting value: line 1 column 1 (char 0)""}]",0,1,0,0,0.0016233,2,no_action,needs_review,False,0,True,,1,0,0,1,pending; see semantic_review.csv,rows.jsonl
full_m04,C04,1,context_dependent,mailex_raw,2026-10-02T13:46:46.477621+00:00,2026-10-02T13:47:03.016167+00:00,16129.545999923721,16123.620699858293,2,3719,1882,0,0,2,0,0.009846750000000001,True,0.009846750000000001,0.009846750000000001,0,7555.912900017574,0.00505725,"[{""stage"": ""extraction"", ""initial_error"": ""Expecting value: line 1 column 1 (char 0)"", ""quote_diagnostics"": [], ""attempted"": true, ""outcome"": ""validated""}]",1,0,0,0,0.009846750000000001,2,no_action,no_action,True,0,True,,1,0,0,0,pending; see semantic_review.csv,rows.jsonl
full_m05,C04,1,context_dependent,mailex_raw,2026-10-02T13:47:03.022380+00:00,2026-10-02T13:47:07.039176+00:00,3810.1589002180845,3806.822400074452,1,1676,117,0,0,1,0,0.004522,True,0.004522,0.0026801,0,0,0,[],0,0,0,0,0.0026801,1,no_action,no_action,True,0,True,,0,0,0,0,pending; see semantic_review.csv,rows.jsonl
full_m06,C04,1,context_dependent,mailex_raw,2026-10-02T13:47:07.041393+00:00,2026-10-02T13:47:09.798416+00:00,2461.165899876505,2458.208499941975,1,2621,137,0,0,1,0,0.006612,True,0.006612,0.006612,0,0,0,[],0,0,0,0,0.006612,1,no_action,no_action,True,0,True,,0,0,0,0,pending; see semantic_review.csv,rows.jsonl
full_m01,C13,1,context_dependent,mailex_raw,2026-10-02T13:47:09.798416+00:00,2026-10-02T13:47:14.123230+00:00,4096.487500006333,4093.9021998783574,1,1752,379,0,0,1,0,0.0003647,True,0.0003647,0.000280085,0,0,0,[],0,0,0,0,0.000280085,1,needs_review,needs_review,True,0,True,,0,0,0,0,pending; see semantic_review.csv,rows.jsonl
full_m02,C13,1,context_dependent,mailex_raw,2026-10-02T13:47:14.123230+00:00,2026-10-02T13:48:14.234885+00:00,59725.62960011419,59719.42520013545,2,3768,2947,0,0,2,0,0.0020387,True,0.0020387,0.001496921,0,19326.671199989505,0.00074875,"[{""stage"": ""extraction"", ""initial_error"": ""Expecting property name enclosed in double quotes: line 8 column 6 (char 461)"", ""quote_diagnostics"": [], ""attempted"": true, ""outcome"": ""validation_failure"", ""final_error"": ""Expecting value: line 1 column 1 (char 0)""}]",0,1,0,0,0.001496921,2,needs_review,needs_review,True,0,True,,1,0,0,1,pending; see semantic_review.csv,rows.jsonl
full_m03,C13,1,context_dependent,mailex_raw,2026-10-02T13:48:14.234885+00:00,2026-10-02T13:48:17.295350+00:00,2705.9515001019463,2701.013100100681,2,4012,372,0,0,2,0,0.0021336,True,0.0021336,0.0021336000000000003,0,1262.1875000186265,0.0011061,"[{""stage"": ""extraction"", ""initial_error"": ""Expecting value: line 1 column 1 (char 0)"", ""quote_diagnostics"": [], ""attempted"": true, ""outcome"": ""validation_failure"", ""final_error"": ""Expecting value: line 1 column 1 (char 0)""}]",0,1,0,0,0.0021336000000000003,2,needs_review,needs_review,True,0,True,,1,0,0,1,pending; see semantic_review.csv,rows.jsonl
full_m04,C13,1,context_dependent,mailex_raw,2026-10-02T13:48:17.295350+00:00,2026-10-02T13:48:36.241032+00:00,18589.154800050892,18582.74149999488,2,3972,2630,0,0,2,0,0.0128415,True,0.0128415,0.0128415,0,7842.419299995527,0.0060165,"[{""stage"": ""extraction"", ""initial_error"": ""Expecting value: line 1 column 1 (char 0)"", ""quote_diagnostics"": [], ""attempted"": true, ""outcome"": ""validated""}]",1,0,0,0,0.0128415,2,needs_review,needs_review,True,0,True,,1,0,0,0,pending; see semantic_review.csv,rows.jsonl
full_m05,C13,1,context_dependent,mailex_raw,2026-10-02T13:48:36.241032+00:00,2026-10-02T13:48:40.183727+00:00,3791.072499938309,3788.7504999525845,1,1752,140,0,0,1,0,0.004904,True,0.004904,0.0031001,0,0,0,[],0,0,0,0,0.0031001,1,needs_review,needs_review,True,0,True,,0,0,0,0,pending; see semantic_review.csv,rows.jsonl
full_m06,C13,1,context_dependent,mailex_raw,2026-10-02T13:48:40.183727+00:00,2026-10-02T13:48:45.517648+00:00,5060.793699929491,5058.882100041956,1,2727,385,0,0,1,0,0.009304,True,0.009304,0.009304,0,0,0,[],0,0,0,0,0.009304,1,needs_review,needs_review,True,0,True,,0,0,0,0,pending; see semantic_review.csv,rows.jsonl
full_m01,C06,1,context_dependent,mailex_raw,2026-10-02T13:48:45.517648+00:00,2026-10-02T13:48:49.661274+00:00,4011.866199900396,4009.9307999480516,1,1635,340,0,0,1,0,0.0003335,True,0.0003335,0.00024596,0,0,0,[],0,0,0,0,0.00024596,1,action,action,True,1,True,,0,0,0,0,pending; see semantic_review.csv,rows.jsonl
full_m02,C06,1,context_dependent,mailex_raw,2026-10-02T13:48:49.661274+00:00,2026-10-02T13:49:20.574492+00:00,30578.18749989383,30575.43889991939,1,1669,1557,0,0,1,0,0.00102885,True,0.00102885,0.00089829,0,0,0,[],0,0,0,0,0.00089829,1,action,action,True,1,True,,0,0,0,0,pending; see semantic_review.csv,rows.jsonl
full_m03,C06,1,context_dependent,mailex_raw,2026-10-02T13:49:20.582707+00:00,2026-10-02T13:49:24.370913+00:00,3320.167100057006,3316.003000130877,2,3807,445,0,0,2,0,0.0022546,True,0.0022546,0.0022546,0,1680.9762000339106,0.0011753,"[{""stage"": ""extraction"", ""initial_error"": ""Expecting value: line 1 column 1 (char 0)"", ""quote_diagnostics"": [], ""attempted"": true, ""outcome"": ""validation_failure"", ""final_error"": ""Expecting value: line 1 column 1 (char 0)""}]",0,1,0,0,0.0022546,2,action,needs_review,False,0,True,,1,0,0,1,pending; see semantic_review.csv,rows.jsonl
full_m04,C06,1,context_dependent,mailex_raw,2026-10-02T13:49:24.370913+00:00,2026-10-02T13:49:39.654109+00:00,14867.588799912483,14864.50409993995,2,3804,1805,0,0,2,0,0.00962175,True,0.00962175,0.00962175,0,6027.546099969186,0.004191,"[{""stage"": ""extraction"", ""initial_error"": ""Expecting value: line 1 column 1 (char 0)"", ""quote_diagnostics"": [], ""attempted"": true, ""outcome"": ""validated""}]",1,0,0,0,0.00962175,2,action,action,True,1,True,,1,0,0,0,pending; see semantic_review.csv,rows.jsonl
full_m05,C06,1,context_dependent,mailex_raw,2026-10-02T13:49:39.654109+00:00,2026-10-02T13:49:43.938658+00:00,4109.132800018415,4106.895299977623,1,1635,189,0,0,1,0,0.00516,True,0.00516,0.0032976,0,0,0,[],0,0,0,0,0.0032976,1,action,action,True,1,True,,0,0,0,0,pending; see semantic_review.csv,rows.jsonl
full_m06,C06,1,context_dependent,mailex_raw,2026-10-02T13:49:43.938658+00:00,2026-10-02T13:49:47.016755+00:00,2971.255599986762,2969.0915999235585,1,2568,243,0,0,1,0,0.007566,True,0.007566,0.007566,0,0,0,[],0,0,0,0,0.007566,1,action,action,True,1,True,,0,0,0,0,pending; see semantic_review.csv,rows.jsonl
full_m01,C12,1,context_dependent,mailex_raw,2026-10-02T13:49:47.016755+00:00,2026-10-02T13:49:52.571801+00:00,5455.159199889749,5453.482699929737,1,1595,432,0,0,1,0,0.0003755,True,0.0003755,0.00028696,0,0,0,[],0,0,0,0,0.00028696,1,needs_review,needs_review,True,0,True,,0,0,0,0,pending; see semantic_review.csv,rows.jsonl
full_m02,C12,1,context_dependent,mailex_raw,2026-10-02T13:49:52.571801+00:00,2026-10-02T13:50:32.981167+00:00,40256.54850015417,40252.75810016319,1,1615,2048,0,0,1,0,0.00126625,True,0.00126625,0.00126625,0,0,0,[],0,0,0,0,0.00126625,1,needs_review,needs_review,True,0,True,,0,0,0,0,pending; see semantic_review.csv,rows.jsonl
full_m03,C12,1,context_dependent,mailex_raw,2026-10-02T13:50:32.981167+00:00,2026-10-02T13:50:35.435863+00:00,1975.2970000263304,1970.845399890095,2,3501,109,0,0,2,0,0.0013227999999999998,True,0.0013227999999999998,0.0013227999999999998,0,947.1232999349013,0.0006908,"[{""stage"": ""extraction"", ""initial_error"": ""Expecting value: line 1 column 1 (char 0)"", ""quote_diagnostics"": [], ""attempted"": true, ""outcome"": ""validation_failure"", ""final_error"": ""Expecting value: line 1 column 1 (char 0)""}]",0,1,0,0,0.0013227999999999998,2,needs_review,needs_review,True,0,True,,1,0,0,1,pending; see semantic_review.csv,rows.jsonl
full_m04,C12,1,context_dependent,mailex_raw,2026-10-02T13:50:35.438809+00:00,2026-10-02T13:50:54.468661+00:00,18567.002599942498,18563.162599806674,2,3510,2324,0,0,2,0,0.0113475,True,0.0113475,0.0113475,0,4124.374899896793,0.00249,"[{""stage"": ""extraction"", ""initial_error"": ""Expecting value: line 1 column 1 (char 0)"", ""quote_diagnostics"": [], ""attempted"": true, ""outcome"": ""validation_failure"", ""final_error"": ""Explanation must cite available original text""}]",0,1,0,0,0.0113475,2,needs_review,needs_review,True,0,True,,1,0,0,1,pending; see semantic_review.csv,rows.jsonl
full_m05,C12,1,context_dependent,mailex_raw,2026-10-02T13:50:54.468661+00:00,2026-10-02T13:51:01.054508+00:00,6474.125399952754,6471.990199992433,1,1595,180,0,0,1,0,0.00499,True,0.00499,0.0031076,0,0,0,[],0,0,0,0,0.0031076,1,needs_review,needs_review,True,0,True,,0,0,0,0,pending; see semantic_review.csv,rows.jsonl
full_m06,C12,1,context_dependent,mailex_raw,2026-10-02T13:51:01.054508+00:00,2026-10-02T13:51:11.296016+00:00,9948.745199944824,9941.547399852425,2,5447,890,0,0,2,0,0.019794,True,0.019794,0.019794,0,7249.271999928169,0.012984,"[{""stage"": ""extraction"", ""initial_error"": ""Evidence quote is absent from source: body"", ""quote_diagnostics"": [{""source_id"": ""body"", ""model_quote"": ""CHASE - READY TO EXECUTE ASAP!"", ""candidates"": []}], ""attempted"": true, ""outcome"": ""validated""}]",1,0,0,1,0.019794,2,needs_review,needs_review,True,0,True,,1,0,0,0,pending; see semantic_review.csv,rows.jsonl
full_m01,C08,1,context_dependent,mailex_raw,2026-10-02T13:51:11.298961+00:00,2026-10-02T13:51:18.055672+00:00,6611.756900092587,6609.060700167902,1,1440,392,0,0,1,0,0.00034,True,0.00034,0.000247585,0,0,0,[],0,0,0,0,0.000247585,1,action,action,True,1,True,,0,0,0,0,pending; see semantic_review.csv,rows.jsonl
full_m02,C08,1,context_dependent,mailex_raw,2026-10-02T13:51:18.055672+00:00,2026-10-02T13:51:46.658501+00:00,28335.921100107953,28331.61600015592,2,3255,1917,0,0,2,0,0.0014467500000000001,True,0.0014467500000000001,0.0010724250000000001,0,16051.021000137553,0.00052293,"[{""stage"": ""extraction"", ""initial_error"": ""Expecting value: line 1 column 1 (char 0)"", ""quote_diagnostics"": [], ""attempted"": true, ""outcome"": ""validated""}]",1,0,0,0,0.0010724250000000001,2,action,action,True,1,True,,1,0,0,0,pending; see semantic_review.csv,rows.jsonl
full_m03,C08,1,context_dependent,mailex_raw,2026-10-02T13:51:46.658501+00:00,2026-10-02T13:51:49.433240+00:00,2268.6750998254865,2264.4741997355595,2,3207,227,0,0,2,0,0.0015295999999999999,True,0.0015295999999999999,0.0015295999999999999,0,1036.2045998917893,0.0008126,"[{""stage"": ""extraction"", ""initial_error"": ""Expecting value: line 1 column 1 (char 0)"", ""quote_diagnostics"": [], ""attempted"": true, ""outcome"": ""validation_failure"", ""final_error"": ""Expecting value: line 1 column 1 (char 0)""}]",0,1,0,0,0.0015295999999999999,2,action,needs_review,False,0,True,,1,0,0,1,pending; see semantic_review.csv,rows.jsonl
full_m04,C08,1,context_dependent,mailex_raw,2026-10-02T13:51:49.433240+00:00,2026-10-02T13:52:07.769789+00:00,17878.352499683388,17874.4518996682,2,3310,2300,0,0,2,0,0.0111075,True,0.0111075,0.0111075,0,8519.642099854536,0.00551625,"[{""stage"": ""extraction"", ""initial_error"": ""Expecting value: line 1 column 1 (char 0)"", ""quote_diagnostics"": [], ""attempted"": true, ""outcome"": ""validated""}]",1,0,0,0,0.0111075,2,action,action,True,1,True,,1,0,0,0,pending; see semantic_review.csv,rows.jsonl
full_m05,C08,1,context_dependent,mailex_raw,2026-10-02T13:52:07.769789+00:00,2026-10-02T13:52:15.031073+00:00,6874.669100041501,6872.1765000373125,1,1440,256,0,0,1,0,0.00544,True,0.00544,0.0034801,0,0,0,[],0,0,0,0,0.0034801,1,action,action,True,1,True,,0,0,0,0,pending; see semantic_review.csv,rows.jsonl
full_m06,C08,1,context_dependent,mailex_raw,2026-10-02T13:52:15.031073+00:00,2026-10-02T13:52:20.664158+00:00,5428.467400022782,5426.090200082399,1,2269,471,0,0,1,0,0.009248,True,0.009248,0.009248,0,0,0,[],0,0,0,0,0.009248,1,action,action,True,1,True,,0,0,0,0,pending; see semantic_review.csv,rows.jsonl
full_m01,C09,1,context_dependent,mailex_raw,2026-10-02T13:52:20.665260+00:00,2026-10-02T13:52:24.460472+00:00,3538.686499930918,3535.1409998256713,1,1613,356,0,0,1,0,0.00033929999999999995,True,0.00033929999999999995,0.00025121,0,0,0,[],0,0,0,0,0.00025121,1,action,action,True,1,True,,0,0,0,0,pending; see semantic_review.csv,rows.jsonl
full_m02,C09,1,context_dependent,mailex_raw,2026-10-02T13:52:24.460472+00:00,2026-10-02T13:53:00.921043+00:00,36176.818200037815,36173.54419990443,1,1628,1897,0,0,1,0,0.0011927,True,0.0011927,0.0011927,0,0,0,[],0,0,0,0,0.0011927,1,action,action,True,1,True,,0,0,0,0,pending; see semantic_review.csv,rows.jsonl
full_m03,C09,1,context_dependent,mailex_raw,2026-10-02T13:53:00.921043+00:00,2026-10-02T13:53:04.323145+00:00,2798.5787998186424,2794.613199890591,2,3650,353,0,0,2,0,0.0019774999999999997,True,0.0019774999999999997,0.0019775,0,1385.8106998959556,0.0010372,"[{""stage"": ""extraction"", ""initial_error"": ""Expecting value: line 1 column 1 (char 0)"", ""quote_diagnostics"": [], ""attempted"": true, ""outcome"": ""validation_failure"", ""final_error"": ""Expecting value: line 1 column 1 (char 0)""}]",0,1,0,0,0.0019775,2,action,needs_review,False,0,True,,1,0,0,1,pending; see semantic_review.csv,rows.jsonl
full_m04,C09,1,context_dependent,mailex_raw,2026-10-02T13:53:04.323145+00:00,2026-10-02T13:53:19.326143+00:00,14596.36259987019,14592.487899935804,2,3648,1645,0,0,2,0,0.00890475,True,0.00890475,0.00890475,0,5734.060499933548,0.003789,"[{""stage"": ""extraction"", ""initial_error"": ""Expecting value: line 1 column 1 (char 0)"", ""quote_diagnostics"": [], ""attempted"": true, ""outcome"": ""validated""}]",1,0,0,0,0.00890475,2,action,action,True,1,True,,1,0,0,0,pending; see semantic_review.csv,rows.jsonl
full_m05,C09,1,context_dependent,mailex_raw,2026-10-02T13:53:19.326143+00:00,2026-10-02T13:53:25.175008+00:00,5699.948100023903,5697.734400047921,1,1613,268,0,0,1,0,0.005906,True,0.005906,0.0040326,0,0,0,[],0,0,0,0,0.0040326,1,action,action,True,1,True,,0,0,0,0,pending; see semantic_review.csv,rows.jsonl
full_m06,C09,1,context_dependent,mailex_raw,2026-10-02T13:53:25.175008+00:00,2026-10-02T13:53:29.068235+00:00,3726.698899990879,3724.8389000305906,1,2572,262,0,0,1,0,0.007764,True,0.007764,0.007764,0,0,0,[],0,0,0,0,0.007764,1,action,action,True,1,True,,0,0,0,0,pending; see semantic_review.csv,rows.jsonl
full_m01,C10,1,context_dependent,mailex_raw,2026-10-02T13:53:29.068235+00:00,2026-10-02T13:53:35.423462+00:00,6053.2579000573605,6050.714900018647,1,1506,620,0,0,1,0,0.00046060000000000003,True,0.00046060000000000003,0.000369835,0,0,0,[],0,0,0,0,0.000369835,1,action,action,True,1,True,,0,0,0,0,pending; see semantic_review.csv,rows.jsonl
full_m02,C10,1,context_dependent,mailex_raw,2026-10-02T13:53:35.423462+00:00,2026-10-02T13:54:28.315236+00:00,52417.99510002602,52412.68929990474,2,3291,3458,0,0,2,0,0.00222265,True,0.00222265,0.00222265,0,11657.069999957457,0.0009699,"[{""stage"": ""extraction"", ""initial_error"": ""Expecting value: line 1 column 1 (char 0)"", ""quote_diagnostics"": [], ""attempted"": true, ""outcome"": ""validated""}]",1,0,0,0,0.00222265,2,action,action,True,1,True,,1,0,0,0,pending; see semantic_review.csv,rows.jsonl
full_m03,C10,1,context_dependent,mailex_raw,2026-10-02T13:54:28.315851+00:00,2026-10-02T13:54:32.661805+00:00,3281.1926000285894,3277.605800074525,2,3377,295,0,0,2,0,0.0017505999999999997,True,0.0017505999999999997,0.0017506,0,1756.6797999897972,0.0010175,"[{""stage"": ""extraction"", ""initial_error"": ""Expecting value: line 1 column 1 (char 0)"", ""quote_diagnostics"": [], ""attempted"": true, ""outcome"": ""validation_failure"", ""final_error"": ""Expecting value: line 1 column 1 (char 0)""}]",0,1,0,0,0.0017506,2,action,needs_review,False,0,True,,1,0,0,1,pending; see semantic_review.csv,rows.jsonl
full_m04,C10,1,context_dependent,mailex_raw,2026-10-02T13:54:32.661805+00:00,2026-10-02T13:54:55.785322+00:00,22653.749100049026,22649.317000061274,2,3465,2495,0,0,2,0,0.011955,True,0.011955,0.011955,0,9137.194100068882,0.0051735,"[{""stage"": ""extraction"", ""initial_error"": ""Expecting value: line 1 column 1 (char 0)"", ""quote_diagnostics"": [], ""attempted"": true, ""outcome"": ""validated""}]",1,0,0,0,0.011955,2,action,action,True,1,True,,1,0,0,0,pending; see semantic_review.csv,rows.jsonl
full_m05,C10,1,context_dependent,mailex_raw,2026-10-02T13:54:55.786834+00:00,2026-10-02T13:55:03.737140+00:00,7773.790100007318,7771.377999917604,1,1506,319,0,0,1,0,0.006202,True,0.006202,0.0042751,0,0,0,[],0,0,0,0,0.0042751,1,action,action,True,1,True,,0,0,0,0,pending; see semantic_review.csv,rows.jsonl
full_m06,C10,1,context_dependent,mailex_raw,2026-10-02T13:55:03.737140+00:00,2026-10-02T13:55:06.831837+00:00,2872.5083000026643,2869.6303000906482,1,2366,185,0,0,1,0,0.006582,True,0.006582,0.006582,0,0,0,[],0,0,0,0,0.006582,1,action,needs_review,False,0,True,,0,0,0,0,pending; see semantic_review.csv,rows.jsonl
full_m01,E01,1,external_content,authored,2026-10-02T13:55:06.831837+00:00,2026-10-02T13:55:15.167923+00:00,7946.572799934074,7941.52839994058,2,2138,330,0,0,2,0,0.0003788,True,0.0003788,0.00028528500000000003,0,0,0,[],0,0,0,0,0.00028528500000000003,2,action,action,True,1,True,,0,1,0,0,pending; see semantic_review.csv,rows.jsonl
full_m02,E01,1,external_content,authored,2026-10-02T13:55:15.167923+00:00,2026-10-02T13:55:39.799332+00:00,23632.65590008814,23625.846600160003,3,3967,1766,0,0,3,0,0.00147805,True,0.00147805,0.001077508,0,12287.457800121047,0.00052058,"[{""stage"": ""extraction"", ""initial_error"": ""Expecting value: line 1 column 1 (char 0)"", ""quote_diagnostics"": [], ""attempted"": true, ""outcome"": ""validated""}]",1,0,0,0,0.001077508,3,action,action,True,1,True,,1,1,0,0,pending; see semantic_review.csv,rows.jsonl
full_m03,E01,1,external_content,authored,2026-10-02T13:55:39.799332+00:00,2026-10-02T13:55:43.090288+00:00,2845.2574000693858,2841.457600123249,2,1741,151,0,0,2,0,0.0008998000000000001,True,0.0008998000000000001,0.0008998000000000001,0,1431.4152001170442,0.0004798,"[{""stage"": ""planning"", ""initial_error"": ""Expecting value: line 1 column 1 (char 0)"", ""quote_diagnostics"": [], ""attempted"": true, ""outcome"": ""validation_failure"", ""final_error"": ""Expecting value: line 1 column 1 (char 0)""}]",0,1,0,0,0.0008998000000000001,2,action,needs_review,False,0,True,,1,0,0,1,pending; see semantic_review.csv,rows.jsonl
full_m04,E01,1,external_content,authored,2026-10-02T13:55:43.090288+00:00,2026-10-02T13:56:06.475700+00:00,22734.551000059582,22728.501800098456,3,3257,2426,0,0,3,0,0.01154025,True,0.01154025,0.01154025,0,4841.576800099574,0.00188625,"[{""stage"": ""planning"", ""initial_error"": ""Expecting value: line 1 column 1 (char 0)"", ""quote_diagnostics"": [], ""attempted"": true, ""outcome"": ""validated""}, {""stage"": ""extraction"", ""initial_error"": ""Expecting value: line 1 column 1 (char 0)"", ""quote_diagnostics"": [], ""attempted"": false, ""outcome"": ""skipped_retry_budget""}]",1,0,1,0,0.01154025,3,action,needs_review,False,0,True,,1,1,0,1,pending; see semantic_review.csv,rows.jsonl
full_m05,E01,1,external_content,authored,2026-10-02T13:56:06.475700+00:00,2026-10-02T13:56:15.188196+00:00,8351.44710005261,8347.348700044677,2,2149,298,0,0,2,0,0.007278,True,0.007278,0.0053016,0,0,0,[],0,0,0,0,0.0053016,2,action,action,True,1,True,,0,1,0,0,pending; see semantic_review.csv,rows.jsonl
full_m06,E01,1,external_content,authored,2026-10-02T13:56:15.188196+00:00,2026-10-02T13:56:20.988530+00:00,5413.762399810366,5409.689899883233,2,3375,379,0,0,2,0,0.01054,True,0.01054,0.01054,0,0,0,[],0,0,0,0,0.01054,2,action,action,True,1,True,,0,1,0,0,pending; see semantic_review.csv,rows.jsonl
full_m01,E02,1,external_content,authored,2026-10-02T13:56:20.990125+00:00,2026-10-02T13:56:26.306883+00:00,4978.965900023468,4974.236800102517,2,2161,314,0,0,2,0,0.0003731,True,0.0003731,0.00028001,0,0,0,[],0,0,0,0,0.00028001,2,action,action,True,1,True,,0,1,0,0,pending; see semantic_review.csv,rows.jsonl
full_m02,E02,1,external_content,authored,2026-10-02T13:56:26.306883+00:00,2026-10-02T13:56:54.618887+00:00,27713.41359964572,27706.279099802487,3,3167,1784,0,0,3,0,0.00136705,True,0.00136705,0.0012809149999999999,0,3385.361199849285,0.0002495,"[{""stage"": ""planning"", ""initial_error"": ""Expecting value: line 1 column 1 (char 0)"", ""quote_diagnostics"": [], ""attempted"": true, ""outcome"": ""validated""}]",1,0,0,0,0.0012809149999999999,3,action,action,True,1,True,,1,1,0,0,pending; see semantic_review.csv,rows.jsonl
full_m03,E02,1,external_content,authored,2026-10-02T13:56:54.618887+00:00,2026-10-02T13:56:57.209434+00:00,2254.3310000328347,2250.553400022909,2,1742,142,0,0,2,0,0.0008775999999999999,True,0.0008775999999999999,0.0008776000000000001,0,961.3379000220448,0.0004692,"[{""stage"": ""planning"", ""initial_error"": ""Expecting value: line 1 column 1 (char 0)"", ""quote_diagnostics"": [], ""attempted"": true, ""outcome"": ""validation_failure"", ""final_error"": ""Expecting value: line 1 column 1 (char 0)""}]",0,1,0,0,0.0008776000000000001,2,action,needs_review,False,0,True,,1,0,0,1,pending; see semantic_review.csv,rows.jsonl
full_m04,E02,1,external_content,authored,2026-10-02T13:56:57.209434+00:00,2026-10-02T13:57:13.876681+00:00,16016.444699838758,16009.903200087138,3,3268,1580,0,0,3,0,0.008376,True,0.008376,0.008376,0,4300.710799987428,0.00187575,"[{""stage"": ""planning"", ""initial_error"": ""Expecting value: line 1 column 1 (char 0)"", ""quote_diagnostics"": [], ""attempted"": true, ""outcome"": ""validated""}, {""stage"": ""extraction"", ""initial_error"": ""Expecting value: line 1 column 1 (char 0)"", ""quote_diagnostics"": [], ""attempted"": false, ""outcome"": ""skipped_retry_budget""}]",1,0,1,0,0.008376,3,action,needs_review,False,0,True,,1,1,0,1,pending; see semantic_review.csv,rows.jsonl
full_m05,E02,1,external_content,authored,2026-10-02T13:57:13.877233+00:00,2026-10-02T13:57:24.201625+00:00,9955.41149994824,9950.064499862492,2,2160,281,0,0,2,0,0.00713,True,0.00713,0.0051561,0,0,0,[],0,0,0,0,0.0051561,2,action,action,True,1,True,,0,1,0,0,pending; see semantic_review.csv,rows.jsonl
full_m06,E02,1,external_content,authored,2026-10-02T13:57:24.201625+00:00,2026-10-02T13:57:30.343828+00:00,5684.895999846049,5680.726399761625,2,3370,374,0,0,2,0,0.01048,True,0.01048,0.01048,0,0,0,[],0,0,0,0,0.01048,2,action,action,True,1,True,,0,1,0,0,pending; see semantic_review.csv,rows.jsonl
full_m01,E03,1,external_content,authored,2026-10-02T13:57:30.347081+00:00,2026-10-02T13:57:36.928584+00:00,6213.745999964885,6209.017899935134,2,2137,360,0,0,2,0,0.0003936999999999999,True,0.0003936999999999999,0.000300235,0,0,0,[],0,0,0,0,0.000300235,2,action,action,True,1,True,,0,1,0,0,pending; see semantic_review.csv,rows.jsonl
full_m02,E03,1,external_content,authored,2026-10-02T13:57:36.928584+00:00,2026-10-02T13:58:13.328144+00:00,35843.85010006372,35836.91230020486,3,3194,2126,0,0,3,0,0.0015420999999999998,True,0.0015420999999999998,0.001277099,0,9589.210500125773,0.000144984,"[{""stage"": ""planning"", ""initial_error"": ""Expecting value: line 1 column 1 (char 0)"", ""quote_diagnostics"": [], ""attempted"": true, ""outcome"": ""validated""}]",1,0,0,0,0.001277099,3,action,action,True,1,True,,1,1,0,0,pending; see semantic_review.csv,rows.jsonl
full_m03,E03,1,external_content,authored,2026-10-02T13:58:13.328144+00:00,2026-10-02T13:58:16.099381+00:00,2321.4743999997154,2318.18880001083,2,1737,146,0,0,2,0,0.0008860999999999999,True,0.0008860999999999999,0.0008861,0,1089.411500026472,0.0004714,"[{""stage"": ""planning"", ""initial_error"": ""Expecting value: line 1 column 1 (char 0)"", ""quote_diagnostics"": [], ""attempted"": true, ""outcome"": ""validation_failure"", ""final_error"": ""Expecting value: line 1 column 1 (char 0)""}]",0,1,0,0,0.0008861,2,action,needs_review,False,0,True,,1,0,0,1,pending; see semantic_review.csv,rows.jsonl
full_m04,E03,1,external_content,authored,2026-10-02T13:58:16.100908+00:00,2026-10-02T13:58:38.515896+00:00,21922.089399886318,21916.236799792387,3,3230,2487,0,0,3,0,0.011748749999999999,True,0.011748749999999999,0.011748749999999999,0,5041.213299962692,0.00247275,"[{""stage"": ""planning"", ""initial_error"": ""Expecting value: line 1 column 1 (char 0)"", ""quote_diagnostics"": [], ""attempted"": true, ""outcome"": ""validated""}, {""stage"": ""extraction"", ""initial_error"": ""Expecting value: line 1 column 1 (char 0)"", ""quote_diagnostics"": [], ""attempted"": false, ""outcome"": ""skipped_retry_budget""}]",1,0,1,0,0.011748749999999999,3,action,needs_review,False,0,True,,1,1,0,1,pending; see semantic_review.csv,rows.jsonl
full_m05,E03,1,external_content,authored,2026-10-02T13:58:38.515896+00:00,2026-10-02T13:58:47.418764+00:00,8436.86700006947,8433.316700044088,2,2138,265,0,0,2,0,0.006926,True,0.006926,0.0049456,0,0,0,[],0,0,0,0,0.0049456,2,action,action,True,1,True,,0,1,0,0,pending; see semantic_review.csv,rows.jsonl
full_m06,E03,1,external_content,authored,2026-10-02T13:58:47.418764+00:00,2026-10-02T13:58:52.888114+00:00,5087.485099793412,5083.957699825987,2,3334,333,0,0,2,0,0.009998,True,0.009998,0.009998,0,0,0,[],0,0,0,0,0.009998,2,action,action,True,1,True,,0,1,0,0,pending; see semantic_review.csv,rows.jsonl
full_m01,E04,1,external_content,authored,2026-10-02T14:58:05.692990+00:00,2026-10-02T14:58:17.262180+00:00,10762.485399958678,10754.55700000748,2,2144,467,0,0,2,0,0.0004479,True,0.0004479,0.0004829,0,0,0,[],0,0,0,0,0.0004829,2,no_action,no_action,True,0,True,,0,1,0,0,pending; see semantic_review.csv,rows.jsonl
full_m02,E04,1,external_content,authored,2026-10-02T14:58:17.262180+00:00,2026-10-02T14:58:46.849692+00:00,27963.564699864946,27960.50189982634,3,3253,2651,0,0,3,0,0.00181345,True,0.00181345,0.00156461,0,14505.151999881491,0.00082765,"[{""stage"": ""planning"", ""initial_error"": ""Expecting value: line 1 column 1 (char 0)"", ""quote_diagnostics"": [], ""attempted"": true, ""outcome"": ""validated""}, {""stage"": ""extraction"", ""initial_error"": ""Expecting value: line 1 column 1 (char 0)"", ""quote_diagnostics"": [], ""attempted"": false, ""outcome"": ""skipped_retry_budget""}]",1,0,1,0,0.00156461,3,no_action,needs_review,False,0,True,,1,1,0,1,pending; see semantic_review.csv,rows.jsonl
full_m03,E04,1,external_content,authored,2026-10-02T14:58:46.849692+00:00,2026-10-02T14:58:50.088883+00:00,2579.4948000693694,2577.77539989911,2,1756,173,0,0,2,0,0.0009593,True,0.0009593,0.0009593,0,1193.784200004302,0.0005065,"[{""stage"": ""planning"", ""initial_error"": ""Expecting value: line 1 column 1 (char 0)"", ""quote_diagnostics"": [], ""attempted"": true, ""outcome"": ""validation_failure"", ""final_error"": ""Expecting value: line 1 column 1 (char 0)""}]",0,1,0,0,0.0009593,2,no_action,needs_review,False,0,True,,1,0,0,1,pending; see semantic_review.csv,rows.jsonl
full_m04,E04,1,external_content,authored,2026-10-02T14:58:50.088883+00:00,2026-10-02T14:59:08.053720+00:00,16524.622500292026,16521.400400437415,3,3240,1510,0,0,3,0,0.008092499999999999,True,0.008092499999999999,0.008092499999999999,0,4741.506400168873,0.00222525,"[{""stage"": ""planning"", ""initial_error"": ""Expecting value: line 1 column 1 (char 0)"", ""quote_diagnostics"": [], ""attempted"": true, ""outcome"": ""validated""}, {""stage"": ""extraction"", ""initial_error"": ""Expecting value: line 1 column 1 (char 0)"", ""quote_diagnostics"": [], ""attempted"": false, ""outcome"": ""skipped_retry_budget""}]",1,0,1,0,0.008092499999999999,3,no_action,needs_review,False,0,True,,1,1,0,1,pending; see semantic_review.csv,rows.jsonl
full_m05,E04,1,external_content,authored,2026-10-02T14:59:08.053720+00:00,2026-10-02T14:59:17.503473+00:00,8255.765400128439,8253.51569999475,2,2157,165,0,0,2,0,0.0059640000000000006,True,0.0059640000000000006,0.006670499999999999,0,0,0,[],0,0,0,0,0.006670499999999999,2,no_action,no_action,True,0,True,,0,1,0,0,pending; see semantic_review.csv,rows.jsonl
full_m06,E04,1,external_content,authored,2026-10-02T14:59:17.503473+00:00,2026-10-02T14:59:27.193224+00:00,8872.386000235565,8870.477000251412,2,3397,570,0,0,2,0,0.012494,True,0.012494,0.012494,0,0,0,[],0,0,0,0,0.012494,2,no_action,no_action,True,0,True,,0,1,0,0,pending; see semantic_review.csv,rows.jsonl
full_m01,E05,1,external_content,authored,2026-10-02T14:59:27.193224+00:00,2026-10-02T14:59:33.823130+00:00,5666.964699863456,5665.17359984573,2,2132,363,0,0,2,0,0.0003947,True,0.0003947,0.000301135,0,0,0,[],0,0,0,0,0.000301135,2,no_action,no_action,True,0,True,,0,1,0,0,pending; see semantic_review.csv,rows.jsonl
full_m02,E05,1,external_content,authored,2026-10-02T14:59:33.824130+00:00,2026-10-02T15:00:09.392312+00:00,34181.36959988624,34176.35199963115,3,3903,1672,0,0,3,0,0.00142145,True,0.00142145,0.0009268810000000001,0,10350.329599808902,0.000177337,"[{""stage"": ""extraction"", ""initial_error"": ""Expecting value: line 1 column 1 (char 0)"", ""quote_diagnostics"": [], ""attempted"": true, ""outcome"": ""validated""}]",1,0,0,0,0.0009268820599999999,3,no_action,no_action,True,0,True,,1,1,0,0,pending; see semantic_review.csv,rows.jsonl
full_m03,E05,1,external_content,authored,2026-10-02T15:00:09.392312+00:00,2026-10-02T15:00:13.181910+00:00,2978.4622999140993,2975.929500069469,2,1783,230,0,0,2,0,0.0011099,True,0.0011099,0.0011099,0,1480.3492000792176,0.000583,"[{""stage"": ""planning"", ""initial_error"": ""Expecting value: line 1 column 1 (char 0)"", ""quote_diagnostics"": [], ""attempted"": true, ""outcome"": ""validation_failure"", ""final_error"": ""Expecting value: line 1 column 1 (char 0)""}]",0,1,0,0,0.0011099,2,no_action,needs_review,False,0,True,,1,0,0,1,pending; see semantic_review.csv,rows.jsonl
full_m04,E05,1,external_content,authored,2026-10-02T15:00:13.181910+00:00,2026-10-02T15:00:32.449107+00:00,18028.14609988127,18025.629900046624,3,3228,1799,0,0,3,0,0.00916725,True,0.00916725,0.00916725,0,5071.047600009479,0.0024015,"[{""stage"": ""planning"", ""initial_error"": ""Expecting value: line 1 column 1 (char 0)"", ""quote_diagnostics"": [], ""attempted"": true, ""outcome"": ""validated""}, {""stage"": ""extraction"", ""initial_error"": ""Expecting value: line 1 column 1 (char 0)"", ""quote_diagnostics"": [], ""attempted"": false, ""outcome"": ""skipped_retry_budget""}]",1,0,1,0,0.00916725,3,no_action,needs_review,False,0,True,,1,1,0,1,pending; see semantic_review.csv,rows.jsonl
full_m05,E05,1,external_content,authored,2026-10-02T15:00:32.449107+00:00,2026-10-02T15:00:41.747424+00:00,8397.968400153331,8396.253800136037,2,2132,147,0,0,2,0,0.0057339999999999995,True,0.0057339999999999995,0.0037511000000000003,0,0,0,[],0,0,0,0,0.0037511000000000003,2,no_action,no_action,True,0,True,,0,1,0,0,pending; see semantic_review.csv,rows.jsonl
full_m06,E05,1,external_content,authored,2026-10-02T15:00:41.747424+00:00,2026-10-02T15:00:49.691597+00:00,6985.9843999147415,6983.896899968386,2,3360,414,0,0,2,0,0.01086,True,0.01086,0.01086,0,0,0,[],0,0,0,0,0.01086,2,no_action,no_action,True,0,True,,0,1,0,0,pending; see semantic_review.csv,rows.jsonl
full_m01,E06,1,external_content,authored,2026-10-02T15:00:49.691597+00:00,2026-10-02T15:00:57.295993+00:00,6815.079999854788,6813.281799899414,2,2182,351,0,0,2,0,0.0003937,True,0.0003937,0.00030086,0,0,0,[],0,0,0,0,0.00030086,2,action,action,True,1,True,,0,1,0,0,pending; see semantic_review.csv,rows.jsonl
full_m02,E06,1,external_content,authored,2026-10-02T15:00:57.295993+00:00,2026-10-02T15:01:53.795687+00:00,54637.72280002013,54635.13750000857,3,3253,2106,0,0,3,0,0.00154095,True,0.00154095,0.00145647,0,10747.483600163832,0.00025372,"[{""stage"": ""planning"", ""initial_error"": ""Expecting value: line 1 column 1 (char 0)"", ""quote_diagnostics"": [], ""attempted"": true, ""outcome"": ""validated""}, {""stage"": ""extraction"", ""initial_error"": ""Expecting value: line 1 column 1 (char 0)"", ""quote_diagnostics"": [], ""attempted"": false, ""outcome"": ""skipped_retry_budget""}]",1,0,1,0,0.00145647,3,action,needs_review,False,0,True,,1,1,0,1,pending; see semantic_review.csv,rows.jsonl
full_m03,E06,1,external_content,authored,2026-10-02T15:01:53.796195+00:00,2026-10-02T15:01:57.312258+00:00,2948.4320998890325,2946.3870999170467,2,1800,188,0,0,2,0,0.00101,True,0.00101,0.00101,0,1397.1610000589862,0.0005412,"[{""stage"": ""planning"", ""initial_error"": ""Expecting value: line 1 column 1 (char 0)"", ""quote_diagnostics"": [], ""attempted"": true, ""outcome"": ""validation_failure"", ""final_error"": ""Expecting value: line 1 column 1 (char 0)""}]",0,1,0,0,0.00101,2,action,needs_review,False,0,True,,1,0,0,1,pending; see semantic_review.csv,rows.jsonl
full_m04,E06,1,external_content,authored,2026-10-02T15:01:57.312258+00:00,2026-10-02T15:02:17.594673+00:00,18302.851300220937,18299.578600213863,3,3324,1879,0,0,3,0,0.009539249999999999,True,0.009539249999999999,0.009539249999999999,0,4493.301800102927,0.00191325,"[{""stage"": ""planning"", ""initial_error"": ""Expecting value: line 1 column 1 (char 0)"", ""quote_diagnostics"": [], ""attempted"": true, ""outcome"": ""validated""}, {""stage"": ""extraction"", ""initial_error"": ""Expecting value: line 1 column 1 (char 0)"", ""quote_diagnostics"": [], ""attempted"": false, ""outcome"": ""skipped_retry_budget""}]",1,0,1,0,0.009539249999999999,3,action,needs_review,False,0,True,,1,1,0,1,pending; see semantic_review.csv,rows.jsonl
full_m05,E06,1,external_content,authored,2026-10-02T15:02:17.594673+00:00,2026-10-02T15:02:28.960259+00:00,10474.197500036098,10472.045400063507,2,2179,279,0,0,2,0,0.007148,True,0.007148,0.0051781,0,0,0,[],0,0,0,0,0.0051781,2,action,action,True,1,True,,0,1,0,0,pending; see semantic_review.csv,rows.jsonl
full_m06,E06,1,external_content,authored,2026-10-02T15:02:28.960259+00:00,2026-10-02T15:02:35.618496+00:00,5669.340100022964,5667.690299917012,2,3407,377,0,0,2,0,0.010584,True,0.010584,0.010584,0,0,0,[],0,0,0,0,0.010584,2,action,action,True,1,True,,0,1,0,0,pending; see semantic_review.csv,rows.jsonl
full_m01,E07,1,external_content,authored,2026-10-02T15:02:35.618496+00:00,2026-10-02T15:02:44.115526+00:00,7272.989499848336,7270.700299879536,2,2164,348,0,0,2,0,0.00039039999999999995,True,0.00039039999999999995,0.000297285,0,0,0,[],0,0,0,0,0.000297285,2,action,action,True,1,True,,0,1,0,0,pending; see semantic_review.csv,rows.jsonl
full_m02,E07,1,external_content,authored,2026-10-02T15:02:44.115526+00:00,2026-10-02T15:03:26.916570+00:00,41869.388899882324,41867.051099892706,2,2201,1800,0,0,2,0,0.00123015,True,0.00123015,0.00088445,0,0,0,[],0,0,0,0,0.0008844501,2,action,action,True,1,True,,0,1,0,0,pending; see semantic_review.csv,rows.jsonl
full_m03,E07,1,external_content,authored,2026-10-02T15:03:26.917569+00:00,2026-10-02T15:03:30.604943+00:00,2997.815099894069,2996.3827999308705,2,1796,215,0,0,2,0,0.0010762999999999999,True,0.0010762999999999999,0.0010763,0,1380.241599981673,0.0006128,"[{""stage"": ""planning"", ""initial_error"": ""Expecting value: line 1 column 1 (char 0)"", ""quote_diagnostics"": [], ""attempted"": true, ""outcome"": ""validation_failure"", ""final_error"": ""Expecting value: line 1 column 1 (char 0)""}]",0,1,0,0,0.0010763,2,action,needs_review,False,0,True,,1,0,0,1,pending; see semantic_review.csv,rows.jsonl
full_m04,E07,1,external_content,authored,2026-10-02T15:03:30.605948+00:00,2026-10-02T15:03:51.248691+00:00,19278.338200063445,19275.308500044048,3,3314,2187,0,0,3,0,0.01068675,True,0.01068675,0.01068675,0,4607.604400021955,0.00225675,"[{""stage"": ""planning"", ""initial_error"": ""Expecting value: line 1 column 1 (char 0)"", ""quote_diagnostics"": [], ""attempted"": true, ""outcome"": ""validated""}, {""stage"": ""extraction"", ""initial_error"": ""Expecting value: line 1 column 1 (char 0)"", ""quote_diagnostics"": [], ""attempted"": false, ""outcome"": ""skipped_retry_budget""}]",1,0,1,0,0.01068675,3,action,needs_review,False,0,True,,1,1,0,1,pending; see semantic_review.csv,rows.jsonl
full_m05,E07,1,external_content,authored,2026-10-02T15:03:51.249693+00:00,2026-10-02T15:04:04.395165+00:00,12281.731299939565,12278.749100049026,2,2163,279,0,0,2,0,0.007116,True,0.007116,0.0051416,0,0,0,[],0,0,0,0,0.0051416,2,action,action,True,1,True,,0,1,0,0,pending; see semantic_review.csv,rows.jsonl
full_m06,E07,1,external_content,authored,2026-10-02T15:04:04.395165+00:00,2026-10-02T15:04:10.846351+00:00,5475.8909998927265,5473.229099879973,2,3366,360,0,0,2,0,0.010332,True,0.010332,0.010332,0,0,0,[],0,0,0,0,0.010332,2,action,action,True,1,True,,0,1,0,0,pending; see semantic_review.csv,rows.jsonl
full_m01,E08,1,external_content,authored,2026-10-02T15:04:10.847351+00:00,2026-10-02T15:04:16.897894+00:00,5346.897899988107,5344.725699978881,2,2176,374,0,0,2,0,0.00040459999999999997,True,0.00040459999999999997,0.00031165999999999995,0,0,0,[],0,0,0,0,0.00031165999999999995,2,action,action,True,1,True,,0,1,0,0,pending; see semantic_review.csv,rows.jsonl
full_m02,E08,1,external_content,authored,2026-10-02T15:04:16.898887+00:00,2026-10-02T15:05:00.612398+00:00,41948.728399933316,41945.57340000756,3,3232,1987,0,0,3,0,0.0014783,True,0.0014783,0.001089093,0,10816.584600019269,0.00048325,"[{""stage"": ""planning"", ""initial_error"": ""Expecting value: line 1 column 1 (char 0)"", ""quote_diagnostics"": [], ""attempted"": true, ""outcome"": ""validated""}, {""stage"": ""extraction"", ""initial_error"": ""Expecting value: line 1 column 1 (char 0)"", ""quote_diagnostics"": [], ""attempted"": false, ""outcome"": ""skipped_retry_budget""}]",1,0,1,0,0.00108909365,3,action,needs_review,False,0,True,,1,1,0,1,pending; see semantic_review.csv,rows.jsonl
full_m03,E08,1,external_content,authored,2026-10-02T15:05:00.612398+00:00,2026-10-02T15:05:04.809490+00:00,2869.307499960996,2867.640199838206,2,1805,191,0,0,2,0,0.001019,True,0.001019,0.001019,0,1433.3589999005198,0.0005424,"[{""stage"": ""planning"", ""initial_error"": ""Expecting value: line 1 column 1 (char 0)"", ""quote_diagnostics"": [], ""attempted"": true, ""outcome"": ""validation_failure"", ""final_error"": ""Expecting value: line 1 column 1 (char 0)""}]",0,1,0,0,0.001019,2,action,needs_review,False,0,True,,1,0,0,1,pending; see semantic_review.csv,rows.jsonl
full_m04,E08,1,external_content,authored,2026-10-02T15:05:04.809490+00:00,2026-10-02T15:05:31.843769+00:00,25305.806400021538,25302.240399993025,3,3315,2783,0,0,3,0,0.0129225,True,0.0129225,0.0129225,0,4094.6473999647424,0.0019485,"[{""stage"": ""planning"", ""initial_error"": ""Expecting value: line 1 column 1 (char 0)"", ""quote_diagnostics"": [], ""attempted"": true, ""outcome"": ""validated""}, {""stage"": ""extraction"", ""initial_error"": ""Expecting value: line 1 column 1 (char 0)"", ""quote_diagnostics"": [], ""attempted"": false, ""outcome"": ""skipped_retry_budget""}]",1,0,1,0,0.0129225,3,action,needs_review,False,0,True,,1,1,0,1,pending; see semantic_review.csv,rows.jsonl
full_m05,E08,1,external_content,authored,2026-10-02T15:05:31.843769+00:00,2026-10-02T15:05:45.564022+00:00,12689.767299918458,12688.045599963516,2,2174,338,0,0,2,0,0.0077280000000000005,True,0.0077280000000000005,0.005756600000000001,0,0,0,[],0,0,0,0,0.005756600000000001,2,action,action,True,1,True,,0,1,0,0,pending; see semantic_review.csv,rows.jsonl
full_m06,E08,1,external_content,authored,2026-10-02T15:05:45.564022+00:00,2026-10-02T15:05:52.652546+00:00,5726.000100024976,5723.247200017795,2,3406,435,0,0,2,0,0.011162,True,0.011162,0.011162,0,0,0,[],0,0,0,0,0.011162,2,action,action,True,1,True,,0,1,0,0,pending; see semantic_review.csv,rows.jsonl
full_m01,E09,1,external_content,authored,2026-10-02T15:05:52.652546+00:00,2026-10-02T15:06:04.160619+00:00,10510.329199954867,10508.332500001416,2,2178,504,0,0,2,0,0.0004698,True,0.0004698,0.00037698500000000004,0,0,0,[],0,0,0,0,0.00037698500000000004,2,no_action,no_action,True,0,True,,0,1,0,0,pending; see semantic_review.csv,rows.jsonl
full_m02,E09,1,external_content,authored,2026-10-02T15:06:04.160619+00:00,2026-10-02T15:07:16.596968+00:00,68116.22630024794,68112.41450032685,3,3270,3431,0,0,3,0,0.002206,True,0.002206,0.001936085,0,38628.857300034724,0.0011124,"[{""stage"": ""planning"", ""initial_error"": ""Expecting value: line 1 column 1 (char 0)"", ""quote_diagnostics"": [], ""attempted"": true, ""outcome"": ""validated""}, {""stage"": ""extraction"", ""initial_error"": ""Expecting value: line 1 column 1 (char 0)"", ""quote_diagnostics"": [], ""attempted"": false, ""outcome"": ""skipped_retry_budget""}]",1,0,1,0,0.0019360859499999998,3,no_action,needs_review,False,0,True,,1,1,0,1,pending; see semantic_review.csv,rows.jsonl
full_m03,E09,1,external_content,authored,2026-10-02T15:07:16.597937+00:00,2026-10-02T15:07:20.007105+00:00,2726.4572998974472,2724.3344999151304,2,1845,278,0,0,2,0,0.0012485,True,0.0012485,0.0012485,0,1533.841599826701,0.0006628,"[{""stage"": ""planning"", ""initial_error"": ""Expecting value: line 1 column 1 (char 0)"", ""quote_diagnostics"": [], ""attempted"": true, ""outcome"": ""validation_failure"", ""final_error"": ""Expecting value: line 1 column 1 (char 0)""}]",0,1,0,0,0.0012485,2,no_action,needs_review,False,0,True,,1,0,0,1,pending; see semantic_review.csv,rows.jsonl
full_m04,E09,1,external_content,authored,2026-10-02T15:07:20.008111+00:00,2026-10-02T15:07:40.982566+00:00,19294.306599884294,19291.348799830303,3,3307,1803,0,0,3,0,0.0092415,True,0.0092415,0.0092415,0,6765.536299906671,0.002766,"[{""stage"": ""planning"", ""initial_error"": ""Expecting value: line 1 column 1 (char 0)"", ""quote_diagnostics"": [], ""attempted"": true, ""outcome"": ""validated""}, {""stage"": ""extraction"", ""initial_error"": ""Expecting value: line 1 column 1 (char 0)"", ""quote_diagnostics"": [], ""attempted"": false, ""outcome"": ""skipped_retry_budget""}]",1,0,1,0,0.0092415,3,no_action,needs_review,False,0,True,,1,1,0,1,pending; see semantic_review.csv,rows.jsonl
full_m05,E09,1,external_content,authored,2026-10-02T15:07:40.983563+00:00,2026-10-02T15:07:54.125968+00:00,11573.32339999266,11571.716699982062,2,2189,256,0,0,2,0,0.006938,True,0.006938,0.0049756,0,0,0,[],0,0,0,0,0.0049756,2,no_action,no_action,True,0,True,,0,1,0,0,pending; see semantic_review.csv,rows.jsonl
full_m06,E09,1,external_content,authored,2026-10-02T15:07:54.125968+00:00,2026-10-02T15:08:03.259403+00:00,8136.031499947421,8134.620500029996,2,3387,653,0,0,2,0,0.013304,True,0.013304,0.013304,0,0,0,[],0,0,0,0,0.013304,2,no_action,no_action,True,0,True,,0,1,0,0,pending; see semantic_review.csv,rows.jsonl
full_m01,E10,1,external_content,authored,2026-10-02T15:08:03.259403+00:00,2026-10-02T15:08:09.767507+00:00,5614.741199999116,5611.769299954176,2,2160,268,0,0,2,0,0.00034999999999999994,True,0.00034999999999999994,0.000256785,0,0,0,[],0,0,0,0,0.000256785,2,no_action,no_action,True,0,True,,0,1,0,0,pending; see semantic_review.csv,rows.jsonl
full_m02,E10,1,external_content,authored,2026-10-02T15:08:09.767507+00:00,2026-10-02T15:08:28.686224+00:00,17561.814999906346,17559.41620003432,2,2212,855,0,0,2,0,0.0007593,True,0.0007593,0.0006724750000000001,0,0,0,[],0,0,0,0,0.0006724750000000001,2,no_action,no_action,True,0,True,,0,1,0,0,pending; see semantic_review.csv,rows.jsonl
full_m03,E10,1,external_content,authored,2026-10-02T15:08:28.686224+00:00,2026-10-02T15:08:31.664955+00:00,2412.923999945633,2411.519900080748,2,1798,184,0,0,2,0,0.0009994,True,0.0009994,0.0009994,0,1151.4917000895366,0.0005309,"[{""stage"": ""planning"", ""initial_error"": ""Expecting value: line 1 column 1 (char 0)"", ""quote_diagnostics"": [], ""attempted"": true, ""outcome"": ""validation_failure"", ""final_error"": ""Expecting value: line 1 column 1 (char 0)""}]",0,1,0,0,0.0009994,2,no_action,needs_review,False,0,True,,1,0,0,1,pending; see semantic_review.csv,rows.jsonl
full_m04,E10,1,external_content,authored,2026-10-02T15:08:31.664955+00:00,2026-10-02T15:08:53.480034+00:00,20095.297200023197,20092.158700106665,3,3284,1966,0,0,3,0,0.0098355,True,0.0098355,0.0098355,0,5428.174700005911,0.00210075,"[{""stage"": ""planning"", ""initial_error"": ""Expecting value: line 1 column 1 (char 0)"", ""quote_diagnostics"": [], ""attempted"": true, ""outcome"": ""validated""}, {""stage"": ""extraction"", ""initial_error"": ""Expecting value: line 1 column 1 (char 0)"", ""quote_diagnostics"": [], ""attempted"": false, ""outcome"": ""skipped_retry_budget""}]",1,0,1,0,0.0098355,3,no_action,needs_review,False,0,True,,1,1,0,1,pending; see semantic_review.csv,rows.jsonl
full_m05,E10,1,external_content,authored,2026-10-02T15:08:53.480034+00:00,2026-10-02T15:09:01.656827+00:00,7123.040900100023,7121.449800091796,2,2164,190,0,0,2,0,0.006228,True,0.006228,0.0042541,0,0,0,[],0,0,0,0,0.0042541,2,no_action,no_action,True,0,True,,0,1,0,0,pending; see semantic_review.csv,rows.jsonl
full_m06,E10,1,external_content,authored,2026-10-02T15:09:01.656827+00:00,2026-10-02T15:09:08.575907+00:00,5590.574100031517,5589.023800101131,2,3371,281,0,0,2,0,0.009552,True,0.009552,0.009552,0,0,0,[],0,0,0,0,0.009552,2,no_action,no_action,True,0,True,,0,1,0,0,pending; see semantic_review.csv,rows.jsonl
full_m01,S01,1,long_content,mailex_raw,2026-10-02T15:09:08.575907+00:00,2026-10-02T15:09:11.992522+00:00,3106.4453998114914,3105.387899908237,1,1766,204,0,0,1,0,0.0002786,True,0.0002786,0.000194335,0,0,0,[],0,0,0,0,0.000194335,1,no_action,no_action,True,0,True,,0,0,0,0,pending; see semantic_review.csv,rows.jsonl
full_m02,S01,1,long_content,mailex_raw,2026-10-02T15:09:11.992522+00:00,2026-10-02T15:09:46.304571+00:00,33802.8335000854,33801.833000034094,1,1778,2015,0,0,1,0,0.0012742,True,0.0012742,0.00106973,0,0,0,[],0,0,0,0,0.00106973,1,no_action,no_action,True,0,True,,0,0,0,0,pending; see semantic_review.csv,rows.jsonl
full_m03,S01,1,long_content,mailex_raw,2026-10-02T15:09:46.304571+00:00,2026-10-02T15:09:50.006164+00:00,2921.6156002366915,2919.5026002125815,2,3948,324,0,0,2,0,0.0019944,True,0.0019944,0.0019944,0,1349.4488002033904,0.0010429,"[{""stage"": ""extraction"", ""initial_error"": ""Expecting value: line 1 column 1 (char 0)"", ""quote_diagnostics"": [], ""attempted"": true, ""outcome"": ""validation_failure"", ""final_error"": ""Expecting value: line 1 column 1 (char 0)""}]",0,1,0,0,0.0019944,2,no_action,needs_review,False,0,True,,1,0,0,1,pending; see semantic_review.csv,rows.jsonl
full_m04,S01,1,long_content,mailex_raw,2026-10-02T15:09:50.006164+00:00,2026-10-02T15:10:02.950612+00:00,12074.662100058049,12072.82380014658,2,3878,1291,0,0,2,0,0.00774975,True,0.00774975,0.00774975,0,5448.003600118682,0.00387975,"[{""stage"": ""extraction"", ""initial_error"": ""Expecting value: line 1 column 1 (char 0)"", ""quote_diagnostics"": [], ""attempted"": true, ""outcome"": ""validated""}]",1,0,0,0,0.00774975,2,no_action,no_action,True,0,True,,1,0,0,0,pending; see semantic_review.csv,rows.jsonl
full_m05,S01,1,long_content,mailex_raw,2026-10-02T15:10:02.950612+00:00,2026-10-02T15:10:08.971877+00:00,5755.072699976154,5754.262599861249,1,1766,105,0,0,1,0,0.004582,True,0.004582,0.0027851,0,0,0,[],0,0,0,0,0.0027851,1,no_action,no_action,True,0,True,,0,0,0,0,pending; see semantic_review.csv,rows.jsonl
full_m06,S01,1,long_content,mailex_raw,2026-10-02T15:10:08.971877+00:00,2026-10-02T15:10:12.313087+00:00,3006.1332000186667,3005.24830003269,1,2755,202,0,0,1,0,0.00753,True,0.00753,0.00753,0,0,0,[],0,0,0,0,0.00753,1,no_action,no_action,True,0,True,,0,0,0,0,pending; see semantic_review.csv,rows.jsonl
full_m01,S02,1,long_content,mailex_raw,2026-10-02T15:10:12.313087+00:00,2026-10-02T15:10:17.945421+00:00,5021.157100098208,5018.534800037742,1,1852,193,0,0,1,0,0.00028169999999999996,True,0.00028169999999999996,0.000199585,0,0,0,[],0,0,0,0,0.000199585,1,no_action,no_action,True,0,True,,0,0,0,0,pending; see semantic_review.csv,rows.jsonl
full_m02,S02,1,long_content,mailex_raw,2026-10-02T15:10:17.945421+00:00,2026-10-02T15:10:57.470127+00:00,38475.71809985675,38468.56349997688,2,4110,2207,0,0,1,1,0.0003612,False,,0.00141106,0,20099.865500000305,0.00114376,"[{""stage"": ""extraction"", ""initial_error"": ""Evidence quote is absent from source: body"", ""quote_diagnostics"": [{""source_id"": ""body"", ""model_quote"": ""With the updated mutual fund NAV, the Partnership's Bank of  America LOC is actually $112k available as of the close May 25"", ""candidates"": [{""source_id"": ""body"", ""quote"": ""With the updated mutual fund NAV, the Partnership's Bank of  America LOC is=\nactually $112k available as of the close May 25"", ""text_similarity"": 0.9959, ""high_similarity"": true, ""critical_difference"": false, ""unique_in_source"": true, ""auto_accepted"": false}]}], ""attempted"": true, ""outcome"": ""api_failure"", ""final_error"": ""Model API response has no text completion (finish_reason=length, completion_tokens=2048)""}]",0,1,0,1,0.00141106,2,no_action,needs_review,False,0,True,"Model API response has no text completion (finish_reason=length, completion_tokens=2048)",1,0,0,0,pending; see semantic_review.csv,rows.jsonl
full_m03,S02,1,long_content,mailex_raw,2026-10-02T15:10:57.471008+00:00,2026-10-02T15:11:00.649770+00:00,2509.0218000113964,2507.385100238025,2,4231,285,0,0,2,0,0.0019817999999999997,True,0.0019817999999999997,0.0019817999999999997,0,1265.650000073947,0.0010266,"[{""stage"": ""extraction"", ""initial_error"": ""Expecting value: line 1 column 1 (char 0)"", ""quote_diagnostics"": [], ""attempted"": true, ""outcome"": ""validation_failure"", ""final_error"": ""Expecting value: line 1 column 1 (char 0)""}]",0,1,0,0,0.0019817999999999997,2,no_action,needs_review,False,0,True,,1,0,0,1,pending; see semantic_review.csv,rows.jsonl
full_m04,S02,1,long_content,mailex_raw,2026-10-02T15:11:00.649770+00:00,2026-10-02T15:11:22.864676+00:00,21293.241399922408,21291.67370009236,2,4219,2989,0,0,2,0,0.014373,True,0.014373,0.014373,0,14246.047000051476,0.00934125,"[{""stage"": ""extraction"", ""initial_error"": ""Expecting value: line 1 column 1 (char 0)"", ""quote_diagnostics"": [], ""attempted"": true, ""outcome"": ""validation_failure"", ""final_error"": ""Unterminated string starting at: line 8 column 16 (char 233)""}]",0,1,0,0,0.014373,2,no_action,needs_review,False,0,True,,1,0,0,1,pending; see semantic_review.csv,rows.jsonl
full_m05,S02,1,long_content,mailex_raw,2026-10-02T15:11:22.865676+00:00,2026-10-02T15:11:27.986155+00:00,4740.85289996583,4740.141099900939,1,1852,122,0,0,1,0,0.004924,True,0.004924,0.0031701,0,0,0,[],0,0,0,0,0.0031701,1,no_action,no_action,True,0,True,,0,0,0,0,pending; see semantic_review.csv,rows.jsonl
full_m06,S02,1,long_content,mailex_raw,2026-10-02T15:11:27.986155+00:00,2026-10-02T15:11:31.918791+00:00,3503.0560998711735,3500.5880998214707,1,2830,193,0,0,1,0,0.00759,True,0.00759,0.00759,0,0,0,[],0,0,0,0,0.00759,1,no_action,no_action,True,0,True,,0,0,0,0,pending; see semantic_review.csv,rows.jsonl
full_m01,S03,1,real_attachments,enron_export,2026-10-02T15:11:31.918791+00:00,2026-10-02T15:11:39.503182+00:00,6936.103399959393,6934.375999844633,2,2743,319,0,0,2,0,0.0004337999999999999,True,0.0004337999999999999,0.000373885,0,0,0,[],0,0,0,0,0.000373885,2,no_action,no_action,True,0,True,,0,0,0,0,pending; see semantic_review.csv,rows.jsonl
full_m02,S03,1,real_attachments,enron_export,2026-10-02T15:11:39.503182+00:00,2026-10-02T15:12:42.632837+00:00,62065.981800085865,62064.02789999265,2,2850,1738,0,0,2,0,0.0012965,True,0.0012965,0.00129479,0,0,0,[],0,0,0,0,0.00129479,2,no_action,no_action,True,0,True,,0,0,0,0,pending; see semantic_review.csv,rows.jsonl
full_m03,S03,1,real_attachments,enron_export,2026-10-02T15:12:42.632837+00:00,2026-10-02T15:12:46.934373+00:00,3078.0278999591246,3076.3799999840558,2,2449,230,0,0,2,0,0.0013096999999999998,True,0.0013096999999999998,0.0013097,0,1536.8016000138596,0.0006566,"[{""stage"": ""planning"", ""initial_error"": ""Expecting value: line 1 column 1 (char 0)"", ""quote_diagnostics"": [], ""attempted"": true, ""outcome"": ""validation_failure"", ""final_error"": ""Expecting value: line 1 column 1 (char 0)""}]",0,1,0,0,0.0013097,2,no_action,needs_review,False,0,True,,1,0,0,1,pending; see semantic_review.csv,rows.jsonl
full_m04,S03,1,real_attachments,enron_export,2026-10-02T15:12:46.934373+00:00,2026-10-02T15:13:07.402243+00:00,18740.694600041024,18738.446299917996,3,4288,1633,0,0,3,0,0.00933975,True,0.00933975,0.00933975,0,6450.634799897671,0.003657,"[{""stage"": ""planning"", ""initial_error"": ""Expecting value: line 1 column 1 (char 0)"", ""quote_diagnostics"": [], ""attempted"": true, ""outcome"": ""validated""}, {""stage"": ""extraction"", ""initial_error"": ""Expecting value: line 1 column 1 (char 0)"", ""quote_diagnostics"": [], ""attempted"": false, ""outcome"": ""skipped_retry_budget""}]",1,0,1,0,0.00933975,3,no_action,needs_review,False,0,True,,1,0,0,1,pending; see semantic_review.csv,rows.jsonl
full_m05,S03,1,real_attachments,enron_export,2026-10-02T15:13:07.402243+00:00,2026-10-02T15:13:16.998094+00:00,8372.09270009771,8370.540200150572,2,2797,249,0,0,2,0,0.008084000000000001,True,0.008084000000000001,0.006801100000000001,0,0,0,[],0,0,0,0,0.006801100000000001,2,no_action,no_action,True,0,True,,0,0,0,0,pending; see semantic_review.csv,rows.jsonl
full_m06,S03,1,real_attachments,enron_export,2026-10-02T15:13:16.999096+00:00,2026-10-02T15:13:24.159199+00:00,6040.025099879131,6038.487599929795,2,4461,383,0,0,2,0,0.012752,True,0.012752,0.012752,0,0,0,[],0,0,0,0,0.012752,2,no_action,no_action,True,0,True,,0,0,0,0,pending; see semantic_review.csv,rows.jsonl
full_m01,S04,1,real_attachments,authored_eml,2026-10-02T15:13:24.159199+00:00,2026-10-02T15:13:33.217677+00:00,7684.284400078468,7680.067200097255,2,2182,432,0,0,2,0,0.00043419999999999993,True,0.00043419999999999993,0.00034123499999999995,0,0,0,[],0,0,0,0,0.00034123499999999995,2,action,action,True,3,True,,0,1,0,0,pending; see semantic_review.csv,rows.jsonl
full_m02,S04,1,real_attachments,authored_eml,2026-10-02T15:13:33.217677+00:00,2026-10-02T15:14:07.635803+00:00,32751.65280001238,32746.812299941666,3,3247,3142,0,0,2,1,0.00081505,False,,0.001994958,0,3582.972600008361,0.000306858,"[{""stage"": ""planning"", ""initial_error"": ""Expecting value: line 1 column 1 (char 0)"", ""quote_diagnostics"": [], ""attempted"": true, ""outcome"": ""validated""}]",1,0,0,0,0.001994958,3,action,needs_review,False,0,True,"Model API response has no text completion (finish_reason=length, completion_tokens=2048)",1,1,0,0,pending; see semantic_review.csv,rows.jsonl
full_m03,S04,1,real_attachments,authored_eml,2026-10-02T15:14:07.635803+00:00,2026-10-02T15:14:11.003315+00:00,2492.872399976477,2491.442200029269,2,1804,164,0,0,2,0,0.0009511999999999999,True,0.0009511999999999999,0.0009512,0,1107.2353000054136,0.0005006,"[{""stage"": ""planning"", ""initial_error"": ""Expecting value: line 1 column 1 (char 0)"", ""quote_diagnostics"": [], ""attempted"": true, ""outcome"": ""validation_failure"", ""final_error"": ""Expecting value: line 1 column 1 (char 0)""}]",0,1,0,0,0.0009512,2,action,needs_review,False,0,True,,1,0,0,1,pending; see semantic_review.csv,rows.jsonl
full_m04,S04,1,real_attachments,authored_eml,2026-10-02T15:14:11.003315+00:00,2026-10-02T15:14:36.500508+00:00,23542.17059991788,23539.2266997369,3,3323,2688,0,0,3,0,0.01257225,True,0.01257225,0.01257225,0,4402.504899888299,0.00187275,"[{""stage"": ""planning"", ""initial_error"": ""Expecting value: line 1 column 1 (char 0)"", ""quote_diagnostics"": [], ""attempted"": true, ""outcome"": ""validated""}, {""stage"": ""extraction"", ""initial_error"": ""Expecting value: line 1 column 1 (char 0)"", ""quote_diagnostics"": [], ""attempted"": false, ""outcome"": ""skipped_retry_budget""}]",1,0,1,0,0.01257225,3,action,needs_review,False,0,True,,1,1,0,1,pending; see semantic_review.csv,rows.jsonl
full_m05,S04,1,real_attachments,authored_eml,2026-10-02T15:14:36.500508+00:00,2026-10-02T15:14:47.559462+00:00,9955.991600174457,9953.127700136974,2,2187,418,0,0,2,0,0.008553999999999999,True,0.008553999999999999,0.0065856000000000005,0,0,0,[],0,0,0,0,0.0065856000000000005,2,action,action,True,3,True,,0,1,0,0,pending; see semantic_review.csv,rows.jsonl
full_m06,S04,1,real_attachments,authored_eml,2026-10-02T15:14:47.560461+00:00,2026-10-02T15:14:54.331810+00:00,6008.658300037496,6005.750100128353,2,3454,451,0,0,2,0,0.011418,True,0.011418,0.011418,0,0,0,[],0,0,0,0,0.011418,2,action,action,True,3,True,,0,1,0,0,pending; see semantic_review.csv,rows.jsonl
full_m01,S05,1,real_attachments,authored_eml,2026-10-02T15:14:54.331810+00:00,2026-10-02T15:15:02.194343+00:00,6948.2790001202375,6946.265500038862,2,2511,491,0,0,2,0,0.0004966,True,0.0004966,0.00040796,0,0,0,[],0,0,0,0,0.00040796,2,action,action,True,2,True,,0,2,0,0,pending; see semantic_review.csv,rows.jsonl
full_m02,S05,1,real_attachments,authored_eml,2026-10-02T15:15:02.194343+00:00,2026-10-02T15:15:26.062586+00:00,22555.303700035438,22552.325999946333,2,2543,2690,0,0,2,0,0.00172645,True,0.00172645,0.00160357,0,0,0,[],0,0,0,0,0.00160357,2,action,action,True,2,True,,0,2,0,0,pending; see semantic_review.csv,rows.jsonl
full_m03,S05,1,real_attachments,authored_eml,2026-10-02T15:15:26.064386+00:00,2026-10-02T15:15:30.907761+00:00,3774.037699913606,3771.208299905993,2,2377,588,0,0,2,0,0.0021831,True,0.0021831,0.0021831,0,1825.4508000100031,0.0011553,"[{""stage"": ""planning"", ""initial_error"": ""Expecting value: line 1 column 1 (char 0)"", ""quote_diagnostics"": [], ""attempted"": true, ""outcome"": ""validation_failure"", ""final_error"": ""Expecting value: line 1 column 1 (char 0)""}]",0,1,0,0,0.0021831,2,action,needs_review,False,0,True,,1,0,0,1,pending; see semantic_review.csv,rows.jsonl
full_m04,S05,1,real_attachments,authored_eml,2026-10-02T15:15:30.907761+00:00,2026-10-02T15:15:56.576802+00:00,24066.001200233586,24062.669300241396,3,4036,2710,0,0,3,0,0.0131895,True,0.0131895,0.0131895,0,5630.506800021976,0.00304425,"[{""stage"": ""planning"", ""initial_error"": ""Expecting value: line 1 column 1 (char 0)"", ""quote_diagnostics"": [], ""attempted"": true, ""outcome"": ""validated""}, {""stage"": ""extraction"", ""initial_error"": ""Expecting value: line 1 column 1 (char 0)"", ""quote_diagnostics"": [], ""attempted"": false, ""outcome"": ""skipped_retry_budget""}]",1,0,1,0,0.0131895,3,action,needs_review,False,0,True,,1,2,0,1,pending; see semantic_review.csv,rows.jsonl
full_m05,S05,1,real_attachments,authored_eml,2026-10-02T15:15:56.577802+00:00,2026-10-02T15:16:14.759460+00:00,17104.293899959885,17101.395499892533,2,2518,509,0,0,2,0,0.010126,True,0.010126,0.0082451,0,0,0,[],0,0,0,0,0.0082451,2,action,action,True,2,True,,0,2,0,0,pending; see semantic_review.csv,rows.jsonl
full_m06,S05,1,real_attachments,authored_eml,2026-10-02T15:16:14.759460+00:00,2026-10-02T15:16:23.610308+00:00,7580.077599850483,7576.931699877605,2,3939,755,0,0,2,0,0.015428,True,0.015428,0.015428,0,0,0,[],0,0,0,0,0.015428,2,action,action,True,2,True,,0,2,0,0,pending; see semantic_review.csv,rows.jsonl
full_m01,S06,1,links_mixed,authored_eml,2026-10-02T15:16:23.610308+00:00,2026-10-02T15:16:33.337633+00:00,8706.458100001328,8704.299799981527,2,2389,337,0,0,2,0,0.0004074,True,0.0004074,0.00031771,0,0,0,[],0,0,0,0,0.00031771,2,needs_review,needs_review,True,0,True,,0,2,0,0,pending; see semantic_review.csv,rows.jsonl
full_m02,S06,1,links_mixed,authored_eml,2026-10-02T15:16:33.338598+00:00,2026-10-02T15:17:20.440443+00:00,45304.77130005602,45301.259599858895,3,3648,2709,0,0,3,0,0.0019017,True,0.0019017,0.00166503,0,15654.001799877733,0.00034906,"[{""stage"": ""planning"", ""initial_error"": ""Expecting value: line 1 column 1 (char 0)"", ""quote_diagnostics"": [], ""attempted"": true, ""outcome"": ""validated""}]",1,0,0,0,0.00166503,3,needs_review,needs_review,True,0,True,,1,2,0,0,pending; see semantic_review.csv,rows.jsonl
full_m03,S06,1,links_mixed,authored_eml,2026-10-02T15:17:20.440443+00:00,2026-10-02T15:17:24.577708+00:00,3416.2218996789306,3414.513699710369,2,2118,432,0,0,2,0,0.0017154000000000002,True,0.0017154000000000002,0.0017154000000000002,0,1689.4964998355135,0.0009087,"[{""stage"": ""planning"", ""initial_error"": ""Expecting value: line 1 column 1 (char 0)"", ""quote_diagnostics"": [], ""attempted"": true, ""outcome"": ""validation_failure"", ""final_error"": ""Expecting value: line 1 column 1 (char 0)""}]",0,1,0,0,0.0017154000000000002,2,needs_review,needs_review,True,0,True,,1,0,0,1,pending; see semantic_review.csv,rows.jsonl
full_m04,S06,1,links_mixed,authored_eml,2026-10-02T15:17:24.577708+00:00,2026-10-02T15:17:49.522785+00:00,23546.80440016091,23543.370500090532,3,3674,2368,0,0,3,0,0.0116355,True,0.0116355,0.0116355,0,6245.896799955517,0.00292575,"[{""stage"": ""planning"", ""initial_error"": ""Expecting value: line 1 column 1 (char 0)"", ""quote_diagnostics"": [], ""attempted"": true, ""outcome"": ""validated""}, {""stage"": ""extraction"", ""initial_error"": ""Expecting value: line 1 column 1 (char 0)"", ""quote_diagnostics"": [], ""attempted"": false, ""outcome"": ""skipped_retry_budget""}]",1,0,1,0,0.0116355,3,needs_review,needs_review,True,0,True,,1,2,0,1,pending; see semantic_review.csv,rows.jsonl
full_m05,S06,1,links_mixed,authored_eml,2026-10-02T15:17:49.522785+00:00,2026-10-02T15:17:58.430233+00:00,7954.205200076103,7952.223700005561,2,2389,302,0,0,2,0,0.007797999999999999,True,0.007797999999999999,0.0058926,0,0,0,[],0,0,0,0,0.0058926,2,needs_review,needs_review,True,0,True,,0,2,0,0,pending; see semantic_review.csv,rows.jsonl
full_m06,S06,1,links_mixed,authored_eml,2026-10-02T15:17:58.430233+00:00,2026-10-02T15:18:06.418888+00:00,7152.456599986181,7149.904499878176,2,3750,480,0,0,2,0,0.0123,True,0.0123,0.0123,0,0,0,[],0,0,0,0,0.0123,2,needs_review,needs_review,True,0,True,,0,2,0,0,pending; see semantic_review.csv,rows.jsonl
full_m01,S07,1,links_mixed,authored_eml,2026-10-02T15:18:06.418888+00:00,2026-10-02T15:18:14.156811+00:00,6556.453499943018,6553.4770000958815,2,2200,299,0,0,2,0,0.00036949999999999993,True,0.00036949999999999993,0.00027686,0,0,0,[],0,0,0,0,0.00027686,2,action,action,True,1,True,,0,0,0,0,pending; see semantic_review.csv,rows.jsonl
full_m02,S07,1,links_mixed,authored_eml,2026-10-02T15:18:14.156811+00:00,2026-10-02T15:18:36.522050+00:00,20673.61910000909,20671.37269990053,3,3945,1078,0,0,3,0,0.0011307499999999998,True,0.0011307499999999998,0.000843365,0,5017.225399846211,0.00020848,"[{""stage"": ""extraction"", ""initial_error"": ""Expecting value: line 1 column 1 (char 0)"", ""quote_diagnostics"": [], ""attempted"": true, ""outcome"": ""validated""}]",1,0,0,0,0.000843365,3,action,action,True,1,True,,1,0,0,0,pending; see semantic_review.csv,rows.jsonl
full_m03,S07,1,links_mixed,authored_eml,2026-10-02T15:18:36.522050+00:00,2026-10-02T15:18:40.428473+00:00,2864.907200098969,2862.62220016215,2,1823,166,0,0,2,0,0.0009619000000000001,True,0.0009619000000000001,0.0009618999999999999,0,1327.8561000479385,0.0005108,"[{""stage"": ""planning"", ""initial_error"": ""Expecting value: line 1 column 1 (char 0)"", ""quote_diagnostics"": [], ""attempted"": true, ""outcome"": ""validation_failure"", ""final_error"": ""Expecting value: line 1 column 1 (char 0)""}]",0,1,0,0,0.0009618999999999999,2,action,needs_review,False,0,True,,1,0,0,1,pending; see semantic_review.csv,rows.jsonl
full_m04,S07,1,links_mixed,authored_eml,2026-10-02T15:18:40.429489+00:00,2026-10-02T15:18:58.948705+00:00,17078.47670011688,17075.22440003231,3,3334,1510,0,0,3,0,0.008163,True,0.008163,0.008163,0,6042.00740007218,0.00282975,"[{""stage"": ""planning"", ""initial_error"": ""Expecting value: line 1 column 1 (char 0)"", ""quote_diagnostics"": [], ""attempted"": true, ""outcome"": ""validated""}, {""stage"": ""extraction"", ""initial_error"": ""Expecting value: line 1 column 1 (char 0)"", ""quote_diagnostics"": [], ""attempted"": false, ""outcome"": ""skipped_retry_budget""}]",1,0,1,0,0.008163,3,action,needs_review,False,0,True,,1,0,0,1,pending; see semantic_review.csv,rows.jsonl
full_m05,S07,1,links_mixed,authored_eml,2026-10-02T15:18:58.948705+00:00,2026-10-02T15:19:07.692968+00:00,7606.903799925931,7604.639699799009,2,2193,219,0,0,2,0,0.006576,True,0.006576,0.0046081,0,0,0,[],0,0,0,0,0.0046081,2,action,action,True,1,True,,0,0,0,0,pending; see semantic_review.csv,rows.jsonl
full_m06,S07,1,links_mixed,authored_eml,2026-10-02T15:19:07.694372+00:00,2026-10-02T15:19:14.000013+00:00,5615.927699953318,5613.268799963407,2,3424,338,0,0,2,0,0.010228000000000001,True,0.010228000000000001,0.010228000000000001,0,0,0,[],0,0,0,0,0.010228000000000001,2,action,action,True,1,True,,0,0,0,0,pending; see semantic_review.csv,rows.jsonl
full_m01,S08,1,real_attachments,authored_eml,2026-10-02T15:19:14.000013+00:00,2026-10-02T15:19:16.766445+00:00,1946.7349998885766,1945.5698998644948,1,762,101,0,0,1,0,0.0001267,True,0.0001267,0.0001267,0,0,0,[],0,0,0,0,0.0001267,1,needs_review,needs_review,True,0,True,,0,0,1,1,pending; see semantic_review.csv,rows.jsonl
full_m02,S08,1,real_attachments,authored_eml,2026-10-02T15:19:16.766445+00:00,2026-10-02T15:19:32.841604+00:00,14659.497199812904,14657.8969998518,2,1769,237,0,0,2,0,0.00038385000000000003,True,0.00038385000000000003,0.000237161,0,7822.8189998771995,8.5556e-05,"[{""stage"": ""planning"", ""initial_error"": ""Expecting value: line 1 column 1 (char 0)"", ""quote_diagnostics"": [], ""attempted"": true, ""outcome"": ""validated""}]",1,0,0,0,0.00023716124999999998,2,needs_review,needs_review,True,0,True,,1,0,1,1,pending; see semantic_review.csv,rows.jsonl
full_m03,S08,1,real_attachments,authored_eml,2026-10-02T15:19:32.843024+00:00,2026-10-02T15:19:36.155604+00:00,2651.0892999358475,2649.3360998574644,2,1830,214,0,0,2,0,0.001084,True,0.001084,0.001084,0,1143.7406999757513,0.0005759,"[{""stage"": ""planning"", ""initial_error"": ""Expecting value: line 1 column 1 (char 0)"", ""quote_diagnostics"": [], ""attempted"": true, ""outcome"": ""validation_failure"", ""final_error"": ""Expecting value: line 1 column 1 (char 0)""}]",0,1,0,0,0.001084,2,needs_review,needs_review,True,0,True,,1,0,0,1,pending; see semantic_review.csv,rows.jsonl
full_m04,S08,1,real_attachments,authored_eml,2026-10-02T15:19:36.155604+00:00,2026-10-02T15:19:45.265958+00:00,8021.312900003977,8018.976299907081,2,1836,661,0,0,2,0,0.00385575,True,0.00385575,0.00385575,0,3992.8152000065893,0.0019305,"[{""stage"": ""planning"", ""initial_error"": ""Expecting value: line 1 column 1 (char 0)"", ""quote_diagnostics"": [], ""attempted"": true, ""outcome"": ""validated""}]",1,0,0,0,0.00385575,2,needs_review,needs_review,True,0,True,,1,0,1,1,pending; see semantic_review.csv,rows.jsonl
full_m05,S08,1,real_attachments,authored_eml,2026-10-02T15:19:45.265958+00:00,2026-10-02T15:19:48.719985+00:00,2964.0589999035,2963.047199882567,1,762,70,0,0,1,0,0.002224,True,0.002224,0.002224,0,0,0,[],0,0,0,0,0.002224,1,needs_review,needs_review,True,0,True,,0,0,1,1,pending; see semantic_review.csv,rows.jsonl
full_m06,S08,1,real_attachments,authored_eml,2026-10-02T15:19:48.719985+00:00,2026-10-02T15:19:52.195649+00:00,2664.365699980408,2663.287700037472,1,1203,143,0,0,1,0,0.003836,True,0.003836,0.003836,0,0,0,[],0,0,0,0,0.003836,1,needs_review,needs_review,True,0,True,,0,0,1,1,pending; see semantic_review.csv,rows.jsonl
full_m01,S09,1,limits_hostile,authored_eml,2026-10-02T15:19:52.196657+00:00,2026-10-02T15:19:57.556411+00:00,4572.629799949937,4570.226899813861,2,2180,289,0,0,2,0,0.0003625,True,0.0003625,0.00026975999999999997,0,0,0,[],0,0,0,0,0.00026975999999999997,2,action,action,True,1,True,,0,1,0,0,pending; see semantic_review.csv,rows.jsonl
full_m02,S09,1,limits_hostile,authored_eml,2026-10-02T15:19:57.556411+00:00,2026-10-02T15:20:49.471551+00:00,50545.868300134316,50542.394700227305,3,3223,1775,0,0,3,0,0.00137095,True,0.00137095,0.00108713,0,15870.951699907891,0.00016178,"[{""stage"": ""planning"", ""initial_error"": ""Expecting value: line 1 column 1 (char 0)"", ""quote_diagnostics"": [], ""attempted"": true, ""outcome"": ""validated""}]",1,0,0,0,0.00108713,3,action,action,True,1,True,,1,1,0,0,pending; see semantic_review.csv,rows.jsonl
full_m03,S09,1,limits_hostile,authored_eml,2026-10-02T15:20:49.471551+00:00,2026-10-02T15:20:52.499210+00:00,2399.2776001105085,2397.188000031747,2,1814,225,0,0,2,0,0.0011067,True,0.0011067,0.0011067,0,1124.795600073412,0.0005916,"[{""stage"": ""planning"", ""initial_error"": ""Expecting value: line 1 column 1 (char 0)"", ""quote_diagnostics"": [], ""attempted"": true, ""outcome"": ""validation_failure"", ""final_error"": ""Expecting value: line 1 column 1 (char 0)""}]",0,1,0,0,0.0011067,2,action,needs_review,False,0,True,,1,0,0,1,pending; see semantic_review.csv,rows.jsonl
full_m04,S09,1,limits_hostile,authored_eml,2026-10-02T15:20:52.499210+00:00,2026-10-02T15:21:12.375263+00:00,18110.156500013545,18105.687399976887,3,3311,1630,0,0,3,0,0.00859575,True,0.00859575,0.00859575,0,5420.50340003334,0.00190725,"[{""stage"": ""planning"", ""initial_error"": ""Expecting value: line 1 column 1 (char 0)"", ""quote_diagnostics"": [], ""attempted"": true, ""outcome"": ""validated""}, {""stage"": ""extraction"", ""initial_error"": ""Expecting value: line 1 column 1 (char 0)"", ""quote_diagnostics"": [], ""attempted"": false, ""outcome"": ""skipped_retry_budget""}]",1,0,1,0,0.00859575,3,action,needs_review,False,0,True,,1,1,0,1,pending; see semantic_review.csv,rows.jsonl
full_m05,S09,1,limits_hostile,authored_eml,2026-10-02T15:21:12.375263+00:00,2026-10-02T15:21:20.975222+00:00,7829.017500160262,7825.865200138651,2,2182,273,0,0,2,0,0.007094,True,0.007094,0.0051286,0,0,0,[],0,0,0,0,0.0051286,2,action,action,True,1,True,,0,1,0,0,pending; see semantic_review.csv,rows.jsonl
full_m06,S09,1,limits_hostile,authored_eml,2026-10-02T15:21:20.975222+00:00,2026-10-02T15:21:28.450998+00:00,6718.331900192425,6715.403100242838,2,3427,395,0,0,2,0,0.010804000000000001,True,0.010804000000000001,0.010804000000000001,0,0,0,[],0,0,0,0,0.010804000000000001,2,action,action,True,1,True,,0,1,0,0,pending; see semantic_review.csv,rows.jsonl
full_m01,S10,1,limits_hostile,authored_eml,2026-10-02T15:21:28.450998+00:00,2026-10-02T15:21:32.725632+00:00,3750.0403000740334,3749.134400044568,1,1310,186,0,0,1,0,0.000224,True,0.000224,0.000128335,0,0,0,[],0,0,0,0,0.000128335,1,needs_review,needs_review,True,0,True,,0,0,0,0,pending; see semantic_review.csv,rows.jsonl
full_m02,S10,1,limits_hostile,authored_eml,2026-10-02T15:21:32.725632+00:00,2026-10-02T15:21:45.552987+00:00,12073.263799888082,12071.481099934317,1,1324,481,0,0,1,0,0.00043910000000000005,True,0.00043910000000000005,0.0004391,0,0,0,[],0,0,0,0,0.0004391,1,needs_review,needs_review,True,0,True,,0,0,0,0,pending; see semantic_review.csv,rows.jsonl
full_m03,S10,1,limits_hostile,authored_eml,2026-10-02T15:23:51.602876+00:00,2026-10-02T15:23:54.741345+00:00,2585.074700182304,2583.311900147237,2,2976,234,0,0,2,0,0.0014778,True,0.0014778,0.0014778,0,1199.8234000056982,0.0007743,"[{""stage"": ""extraction"", ""initial_error"": ""Expecting value: line 1 column 1 (char 0)"", ""quote_diagnostics"": [], ""attempted"": true, ""outcome"": ""validation_failure"", ""final_error"": ""Expecting value: line 1 column 1 (char 0)""}]",0,1,0,0,0.0014778,2,needs_review,needs_review,True,0,True,,1,0,0,1,pending; see semantic_review.csv,rows.jsonl
full_m04,S10,1,limits_hostile,authored_eml,2026-10-02T15:23:54.741345+00:00,2026-10-02T15:24:09.112761+00:00,13140.027000103146,13138.659000047483,2,2971,1222,0,0,2,0,0.00681075,True,0.00681075,0.00681075,0,7473.879300057888,0.0037095,"[{""stage"": ""extraction"", ""initial_error"": ""Expecting value: line 1 column 1 (char 0)"", ""quote_diagnostics"": [], ""attempted"": true, ""outcome"": ""validated""}]",1,0,0,0,0.00681075,2,needs_review,needs_review,True,0,True,,1,0,0,0,pending; see semantic_review.csv,rows.jsonl
full_m05,S10,1,limits_hostile,authored_eml,2026-10-02T15:24:09.112761+00:00,2026-10-02T15:24:13.518951+00:00,3789.5082001341507,3788.689900189638,1,1310,74,0,0,1,0,0.00336,True,0.00336,0.0013351,0,0,0,[],0,0,0,0,0.0013351,1,needs_review,needs_review,True,0,True,,0,0,0,0,pending; see semantic_review.csv,rows.jsonl
full_m06,S10,1,limits_hostile,authored_eml,2026-10-02T15:24:13.518951+00:00,2026-10-02T15:24:17.063542+00:00,2970.238799927756,2969.594099908136,1,2045,183,0,0,1,0,0.00592,True,0.00592,0.00592,0,0,0,[],0,0,0,0,0.00592,1,needs_review,needs_review,True,0,True,,0,0,0,0,pending; see semantic_review.csv,rows.jsonl
