arm,case_id,trial,category,origin,started_utc,ended_utc,wall_ms,model_call_wall_ms,calls,input_tokens_known_sum,output_tokens_known_sum,unknown_input_token_calls,unknown_output_token_calls,known_usage_calls,unknown_cost_calls,known_estimated_cost_usd,cost_complete,estimated_cost_usd,billed_cost_usd,unknown_billed_cost_calls,repair_wall_ms,repair_billed_cost_usd,repair_events_json,repair_validated,repair_failed,repair_skipped,quote_diagnostic_events,provider_reported_cost_known_sum_usd,provider_reported_cost_calls,gold_status,status,strict_status_correct,actions,quote_exact,model_error,repairs,sources_read,read_failures,validation_errors,semantic_review,raw_trace_file
full_m01,N01,1,no_action,mailex_raw,2026-10-03T00:14:50.000388+00:00,2026-10-03T00:14:52.607219+00:00,2371.976600261405,2365.0504003744572,1,1358,104,0,0,1,0,0.00018779999999999998,True,0.00018779999999999998,0.000221675,0,0,0,[],0,0,0,0,0.000221675,1,no_action,no_action,True,0,True,,0,0,0,0,pending; see semantic_review.csv,rows.jsonl
prompt_only_m01,N01,1,no_action,mailex_raw,2026-10-03T00:14:52.722481+00:00,2026-10-03T00:14:56.592074+00:00,3433.094499865547,3431.777099845931,1,1358,98,0,0,1,0,0.0001848,True,0.0001848,6.285e-05,0,0,0,[],0,0,0,0,6.285e-05,1,no_action,no_action,True,0,True,,0,0,0,0,pending; see semantic_review.csv,rows.jsonl
no_repair_m01,N01,1,no_action,mailex_raw,2026-10-03T00:14:56.795274+00:00,2026-10-03T00:14:59.346671+00:00,2105.540399905294,2104.823299916461,1,1358,124,0,0,1,0,0.00019779999999999998,True,0.00019779999999999998,7.585e-05,0,0,0,[],0,0,0,0,7.585e-05,1,no_action,no_action,True,0,True,,0,0,0,0,pending; see semantic_review.csv,rows.jsonl
stability_m01,N01,1,no_action,mailex_raw,2026-10-03T00:14:59.461809+00:00,2026-10-03T00:15:02.014975+00:00,2329.301099991426,2328.0663997866213,1,1358,99,0,0,1,0,0.00018529999999999998,True,0.00018529999999999998,6.335e-05,0,0,0,[],0,0,0,0,6.335e-05,1,no_action,no_action,True,0,True,,0,0,0,0,pending; see semantic_review.csv,rows.jsonl
full_m06,N01,1,no_action,mailex_raw,2026-10-03T00:15:02.143528+00:00,2026-10-03T00:15:04.977511+00:00,2502.8932001441717,2501.765600172803,1,2123,91,0,0,1,0,0.005156,True,0.005156,0.005156,0,0,0,[],0,0,0,0,0.005156,1,no_action,no_action,True,0,True,,0,0,0,0,pending; see semantic_review.csv,rows.jsonl
prompt_only_m06,N01,1,no_action,mailex_raw,2026-10-03T00:15:05.219339+00:00,2026-10-03T00:15:08.146994+00:00,2725.9616004303098,2725.311400135979,1,2123,93,0,0,1,0,0.005176,True,0.005176,0.005176,0,0,0,[],0,0,0,0,0.005176,1,no_action,no_action,True,0,True,,0,0,0,0,pending; see semantic_review.csv,rows.jsonl
no_repair_m06,N01,1,no_action,mailex_raw,2026-10-03T00:15:08.251029+00:00,2026-10-03T00:15:10.854533+00:00,2368.7770997639745,2367.9767998401076,1,2123,93,0,0,1,0,0.005176,True,0.005176,0.005176,0,0,0,[],0,0,0,0,0.005176,1,no_action,no_action,True,0,True,,0,0,0,0,pending; see semantic_review.csv,rows.jsonl
stability_m06,N01,1,no_action,mailex_raw,2026-10-03T00:15:11.027624+00:00,2026-10-03T00:15:14.215423+00:00,2272.974400082603,2271.9917001668364,1,2123,93,0,0,1,0,0.005176,True,0.005176,0.005176,0,0,0,[],0,0,0,0,0.005176,1,no_action,no_action,True,0,True,,0,0,0,0,pending; see semantic_review.csv,rows.jsonl
stability_m01,N01,2,no_action,mailex_raw,2026-10-03T00:15:14.312902+00:00,2026-10-03T00:15:17.327811+00:00,2772.037599934265,2770.0066999532282,1,1358,118,0,0,1,0,0.0001948,True,0.0001948,7.285e-05,0,0,0,[],0,0,0,0,7.285e-05,1,no_action,no_action,True,0,True,,0,0,0,0,pending; see semantic_review.csv,rows.jsonl
stability_m06,N01,2,no_action,mailex_raw,2026-10-03T00:15:17.441375+00:00,2026-10-03T00:15:19.948190+00:00,2278.6870000418276,2277.5779999792576,1,2123,93,0,0,1,0,0.005176,True,0.005176,0.005176,0,0,0,[],0,0,0,0,0.005176,1,no_action,no_action,True,0,True,,0,0,0,0,pending; see semantic_review.csv,rows.jsonl
stability_m01,N01,3,no_action,mailex_raw,2026-10-03T00:15:20.079434+00:00,2026-10-03T00:15:22.132762+00:00,1832.3747999966145,1830.6731001939625,1,1358,89,0,0,1,0,0.0001803,True,0.0001803,5.835e-05,0,0,0,[],0,0,0,0,5.835e-05,1,no_action,no_action,True,0,True,,0,0,0,0,pending; see semantic_review.csv,rows.jsonl
stability_m06,N01,3,no_action,mailex_raw,2026-10-03T00:15:22.296678+00:00,2026-10-03T00:15:24.843238+00:00,2339.6415999159217,2338.5042999871075,1,2123,91,0,0,1,0,0.005156,True,0.005156,0.005156,0,0,0,[],0,0,0,0,0.005156,1,no_action,no_action,True,0,True,,0,0,0,0,pending; see semantic_review.csv,rows.jsonl
full_m01,N02,1,no_action,mailex_raw,2026-10-03T00:15:24.963514+00:00,2026-10-03T00:15:27.130329+00:00,1854.1297998744994,1853.140200022608,1,1356,96,0,0,1,0,0.0001836,True,0.0001836,8.9085e-05,0,0,0,[],0,0,0,0,8.9085e-05,1,no_action,no_action,True,0,True,,0,0,0,0,pending; see semantic_review.csv,rows.jsonl
prompt_only_m01,N02,1,no_action,mailex_raw,2026-10-03T00:15:27.260599+00:00,2026-10-03T00:15:29.160565+00:00,1631.9871998857707,1630.7343998923898,1,1356,97,0,0,1,0,0.0001841,True,0.0001841,6.233e-05,0,0,0,[],0,0,0,0,6.233e-05,1,no_action,no_action,True,0,True,,0,0,0,0,pending; see semantic_review.csv,rows.jsonl
no_repair_m01,N02,1,no_action,mailex_raw,2026-10-03T00:15:29.294965+00:00,2026-10-03T00:15:31.919633+00:00,2369.1680000629276,2368.0492998100817,1,1356,188,0,0,1,0,0.0002296,True,0.0002296,0.00010783,0,0,0,[],0,0,0,0,0.00010783,1,no_action,no_action,True,0,True,,0,0,0,0,pending; see semantic_review.csv,rows.jsonl
full_m06,N02,1,no_action,mailex_raw,2026-10-03T00:15:32.059508+00:00,2026-10-03T00:15:34.727411+00:00,2400.05990001373,2398.7052000593394,1,2112,129,0,0,1,0,0.005514,True,0.005514,0.005514,0,0,0,[],0,0,0,0,0.005514,1,no_action,no_action,True,0,True,,0,0,0,0,pending; see semantic_review.csv,rows.jsonl
prompt_only_m06,N02,1,no_action,mailex_raw,2026-10-03T00:15:34.846560+00:00,2026-10-03T00:15:37.651597+00:00,2449.8735000379384,2449.0086999721825,1,2112,125,0,0,1,0,0.005474,True,0.005474,0.005474,0,0,0,[],0,0,0,0,0.005474,1,no_action,no_action,True,0,True,,0,0,0,0,pending; see semantic_review.csv,rows.jsonl
no_repair_m06,N02,1,no_action,mailex_raw,2026-10-03T00:15:37.969490+00:00,2026-10-03T00:15:40.762861+00:00,2394.511700142175,2393.487000372261,1,2112,129,0,0,1,0,0.005514,True,0.005514,0.005514,0,0,0,[],0,0,0,0,0.005514,1,no_action,no_action,True,0,True,,0,0,0,0,pending; see semantic_review.csv,rows.jsonl
full_m01,N03,1,no_action,mailex_raw,2026-10-03T00:15:40.878905+00:00,2026-10-03T00:15:44.541010+00:00,3443.0085998028517,3441.7319998610765,1,1286,93,0,0,1,0,0.0001751,True,0.0001751,7.8835e-05,0,0,0,[],0,0,0,0,7.8835e-05,1,no_action,no_action,True,0,True,,0,0,0,0,pending; see semantic_review.csv,rows.jsonl
prompt_only_m01,N03,1,no_action,mailex_raw,2026-10-03T00:15:44.683193+00:00,2026-10-03T00:15:47.894895+00:00,2759.650700027123,2758.327400078997,1,1286,95,0,0,1,0,0.0001761,True,0.0001761,6.063e-05,0,0,0,[],0,0,0,0,6.063e-05,1,no_action,no_action,True,0,True,,0,0,0,0,pending; see semantic_review.csv,rows.jsonl
no_repair_m01,N03,1,no_action,mailex_raw,2026-10-03T00:15:48.018551+00:00,2026-10-03T00:15:50.875980+00:00,2472.8941002395004,2471.5168001130223,1,1286,92,0,0,1,0,0.0001746,True,0.0001746,5.913e-05,0,0,0,[],0,0,0,0,5.913e-05,1,no_action,no_action,True,0,True,,0,0,0,0,pending; see semantic_review.csv,rows.jsonl
full_m06,N03,1,no_action,mailex_raw,2026-10-03T00:15:50.974245+00:00,2026-10-03T00:15:53.448864+00:00,2256.079999729991,2255.0087000709027,1,2008,88,0,0,1,0,0.004896,True,0.004896,0.004896,0,0,0,[],0,0,0,0,0.004896,1,no_action,no_action,True,0,True,,0,0,0,0,pending; see semantic_review.csv,rows.jsonl
prompt_only_m06,N03,1,no_action,mailex_raw,2026-10-03T00:15:53.565845+00:00,2026-10-03T00:15:56.652868+00:00,2736.863400088623,2735.857699997723,1,2008,99,0,0,1,0,0.005006,True,0.005006,0.005006,0,0,0,[],0,0,0,0,0.005006,1,no_action,no_action,True,0,True,,0,0,0,0,pending; see semantic_review.csv,rows.jsonl
no_repair_m06,N03,1,no_action,mailex_raw,2026-10-03T00:15:56.903423+00:00,2026-10-03T00:16:00.245730+00:00,2663.1163998972625,2661.678000120446,1,2008,109,0,0,1,0,0.005106,True,0.005106,0.005106,0,0,0,[],0,0,0,0,0.005106,1,no_action,no_action,True,0,True,,0,0,0,0,pending; see semantic_review.csv,rows.jsonl
full_m01,N04,1,no_action,mailex_raw,2026-10-03T00:16:00.571960+00:00,2026-10-03T00:16:03.969917+00:00,2765.0196999311447,2764.258199604228,1,1314,107,0,0,1,0,0.00018489999999999997,True,0.00018489999999999997,8.9335e-05,0,0,0,[],0,0,0,0,8.9335e-05,1,no_action,no_action,True,0,True,,0,0,0,0,pending; see semantic_review.csv,rows.jsonl
prompt_only_m01,N04,1,no_action,mailex_raw,2026-10-03T00:16:04.277368+00:00,2026-10-03T00:16:07.476518+00:00,2795.428999932483,2793.64430019632,1,1314,86,0,0,1,0,0.00017439999999999998,True,0.00017439999999999998,5.641e-05,0,0,0,[],0,0,0,0,5.641e-05,1,no_action,no_action,True,0,True,,0,0,0,0,pending; see semantic_review.csv,rows.jsonl
no_repair_m01,N04,1,no_action,mailex_raw,2026-10-03T00:16:07.592671+00:00,2026-10-03T00:16:10.886667+00:00,3110.0463999900967,3108.1407002639025,1,1314,111,0,0,1,0,0.0001869,True,0.0001869,6.891e-05,0,0,0,[],0,0,0,0,6.891e-05,1,no_action,no_action,True,0,True,,0,0,0,0,pending; see semantic_review.csv,rows.jsonl
full_m06,N04,1,no_action,mailex_raw,2026-10-03T00:16:11.042137+00:00,2026-10-03T00:16:14.005885+00:00,2579.6914999373257,2578.555699903518,1,2054,100,0,0,1,0,0.005108,True,0.005108,0.005108,0,0,0,[],0,0,0,0,0.005108,1,no_action,no_action,True,0,True,,0,0,0,0,pending; see semantic_review.csv,rows.jsonl
prompt_only_m06,N04,1,no_action,mailex_raw,2026-10-03T00:16:14.516481+00:00,2026-10-03T00:16:17.283112+00:00,2353.775499854237,2352.3256997577846,1,2054,101,0,0,1,0,0.005118,True,0.005118,0.005118,0,0,0,[],0,0,0,0,0.005118,1,no_action,no_action,True,0,True,,0,0,0,0,pending; see semantic_review.csv,rows.jsonl
no_repair_m06,N04,1,no_action,mailex_raw,2026-10-03T00:16:17.464204+00:00,2026-10-03T00:16:20.037754+00:00,2319.178400095552,2317.528400104493,1,2054,117,0,0,1,0,0.005278,True,0.005278,0.005278,0,0,0,[],0,0,0,0,0.005278,1,no_action,no_action,True,0,True,,0,0,0,0,pending; see semantic_review.csv,rows.jsonl
full_m01,N05,1,no_action,mailex_raw,2026-10-03T00:16:20.190039+00:00,2026-10-03T00:16:23.158628+00:00,2552.9879999812692,2551.065000006929,1,1343,204,0,0,1,0,0.00023629999999999997,True,0.00023629999999999997,0.00014146,0,0,0,[],0,0,0,0,0.00014146,1,no_action,no_action,True,0,True,,0,0,0,0,pending; see semantic_review.csv,rows.jsonl
prompt_only_m01,N05,1,no_action,mailex_raw,2026-10-03T00:16:23.272727+00:00,2026-10-03T00:16:27.013214+00:00,3316.2067998200655,3315.072299912572,1,1343,165,0,0,1,0,0.00021679999999999998,True,0.00021679999999999998,9.62e-05,0,0,0,[],0,0,0,0,9.62e-05,1,no_action,no_action,True,0,True,,0,0,0,0,pending; see semantic_review.csv,rows.jsonl
no_repair_m01,N05,1,no_action,mailex_raw,2026-10-03T00:16:27.316401+00:00,2026-10-03T00:16:30.785334+00:00,3138.352299807593,3137.097500031814,1,1343,180,0,0,1,0,0.00022429999999999998,True,0.00022429999999999998,0.0001037,0,0,0,[],0,0,0,0,0.0001037,1,no_action,no_action,True,0,True,,0,0,0,0,pending; see semantic_review.csv,rows.jsonl
full_m06,N05,1,no_action,mailex_raw,2026-10-03T00:16:30.926966+00:00,2026-10-03T00:16:35.304686+00:00,2868.0088000837713,2866.56909994781,1,2093,140,0,0,1,0,0.005586,True,0.005586,0.005586,0,0,0,[],0,0,0,0,0.005586,1,no_action,no_action,True,0,True,,0,0,0,0,pending; see semantic_review.csv,rows.jsonl
prompt_only_m06,N05,1,no_action,mailex_raw,2026-10-03T00:16:35.612257+00:00,2026-10-03T00:16:38.698148+00:00,2717.695899773389,2715.7846998889,1,2093,144,0,0,1,0,0.005626,True,0.005626,0.005626,0,0,0,[],0,0,0,0,0.005626,1,no_action,no_action,True,0,True,,0,0,0,0,pending; see semantic_review.csv,rows.jsonl
no_repair_m06,N05,1,no_action,mailex_raw,2026-10-03T00:16:38.802142+00:00,2026-10-03T00:16:41.579707+00:00,2568.086600396782,2566.7859001550823,1,2093,149,0,0,1,0,0.005676,True,0.005676,0.005676,0,0,0,[],0,0,0,0,0.005676,1,no_action,no_action,True,0,True,,0,0,0,0,pending; see semantic_review.csv,rows.jsonl
full_m01,N06,1,no_action,mailex_raw,2026-10-03T00:16:41.696298+00:00,2026-10-03T00:16:45.069627+00:00,3118.4442001394928,3117.5071003381163,1,1328,154,0,0,1,0,0.00020979999999999998,True,0.00020979999999999998,0.000114585,0,0,0,[],0,0,0,0,0.000114585,1,no_action,no_action,True,0,True,,0,0,0,0,pending; see semantic_review.csv,rows.jsonl
prompt_only_m01,N06,1,no_action,mailex_raw,2026-10-03T00:16:45.174366+00:00,2026-10-03T00:16:47.640189+00:00,2276.704400079325,2275.912400102243,1,1328,117,0,0,1,0,0.0001913,True,0.0001913,7.205e-05,0,0,0,[],0,0,0,0,7.205e-05,1,no_action,no_action,True,0,True,,0,0,0,0,pending; see semantic_review.csv,rows.jsonl
no_repair_m01,N06,1,no_action,mailex_raw,2026-10-03T00:16:47.794719+00:00,2026-10-03T00:16:50.357635+00:00,1946.967599913478,1945.3352000564337,1,1328,111,0,0,1,0,0.0001883,True,0.0001883,6.905e-05,0,0,0,[],0,0,0,0,6.905e-05,1,no_action,no_action,True,0,True,,0,0,0,0,pending; see semantic_review.csv,rows.jsonl
full_m06,N06,1,no_action,mailex_raw,2026-10-03T00:16:50.515608+00:00,2026-10-03T00:16:53.733501+00:00,2789.0113999601454,2787.9524999298155,1,2091,148,0,0,1,0,0.005662,True,0.005662,0.005662,0,0,0,[],0,0,0,0,0.005662,1,no_action,no_action,True,0,True,,0,0,0,0,pending; see semantic_review.csv,rows.jsonl
prompt_only_m06,N06,1,no_action,mailex_raw,2026-10-03T00:16:54.042910+00:00,2026-10-03T00:16:57.319762+00:00,2673.394399927929,2672.542299842462,1,2091,127,0,0,1,0,0.005452,True,0.005452,0.005452,0,0,0,[],0,0,0,0,0.005452,1,no_action,no_action,True,0,True,,0,0,0,0,pending; see semantic_review.csv,rows.jsonl
no_repair_m06,N06,1,no_action,mailex_raw,2026-10-03T00:16:57.627576+00:00,2026-10-03T00:17:00.679127+00:00,2743.48370032385,2741.958600236103,1,2091,148,0,0,1,0,0.005662,True,0.005662,0.005662,0,0,0,[],0,0,0,0,0.005662,1,no_action,no_action,True,0,True,,0,0,0,0,pending; see semantic_review.csv,rows.jsonl
full_m01,N07,1,no_action,mailex_raw,2026-10-03T00:17:00.819529+00:00,2026-10-03T00:17:03.180632+00:00,2164.1868997830898,2161.410799715668,1,1353,128,0,0,1,0,0.0001993,True,0.0001993,0.00010471,0,0,0,[],0,0,0,0,0.00010471,1,no_action,no_action,True,0,True,,0,0,0,0,pending; see semantic_review.csv,rows.jsonl
prompt_only_m01,N07,1,no_action,mailex_raw,2026-10-03T00:17:03.298873+00:00,2026-10-03T00:17:06.024836+00:00,2302.4641000665724,2300.8883001748472,1,1353,145,0,0,1,0,0.00020779999999999998,True,0.00020779999999999998,8.63e-05,0,0,0,[],0,0,0,0,8.63e-05,1,no_action,no_action,True,0,True,,0,0,0,0,pending; see semantic_review.csv,rows.jsonl
no_repair_m01,N07,1,no_action,mailex_raw,2026-10-03T00:17:06.433012+00:00,2026-10-03T00:17:08.918258+00:00,2100.11909971945,2098.856999538839,1,1353,129,0,0,1,0,0.00019979999999999998,True,0.00019979999999999998,7.83e-05,0,0,0,[],0,0,0,0,7.83e-05,1,no_action,no_action,True,0,True,,0,0,0,0,pending; see semantic_review.csv,rows.jsonl
full_m06,N07,1,no_action,mailex_raw,2026-10-03T00:17:09.075179+00:00,2026-10-03T00:17:11.753105+00:00,2483.1199997570366,2481.5207000356168,1,2114,108,0,0,1,0,0.005308,True,0.005308,0.005308,0,0,0,[],0,0,0,0,0.005308,1,no_action,no_action,True,0,True,,0,0,0,0,pending; see semantic_review.csv,rows.jsonl
prompt_only_m06,N07,1,no_action,mailex_raw,2026-10-03T00:17:11.872488+00:00,2026-10-03T00:17:27.470526+00:00,15157.287599984556,15155.752399936318,1,2114,96,0,0,1,0,0.005188,True,0.005188,0.005188,0,0,0,[],0,0,0,0,0.005188,1,no_action,no_action,True,0,True,,0,0,0,0,pending; see semantic_review.csv,rows.jsonl
no_repair_m06,N07,1,no_action,mailex_raw,2026-10-03T00:17:27.630645+00:00,2026-10-03T00:17:30.599414+00:00,2504.208599915728,2503.059499897063,1,2114,103,0,0,1,0,0.005258,True,0.005258,0.005258,0,0,0,[],0,0,0,0,0.005258,1,no_action,no_action,True,0,True,,0,0,0,0,pending; see semantic_review.csv,rows.jsonl
full_m01,N08,1,no_action,mailex_raw,2026-10-03T00:17:31.009616+00:00,2026-10-03T00:17:34.558492+00:00,3116.920500062406,3115.2020001318306,1,1369,148,0,0,1,0,0.00021089999999999998,True,0.00021089999999999998,0.00011671,0,0,0,[],0,0,0,0,0.00011671,1,no_action,no_action,True,0,True,,0,0,0,0,pending; see semantic_review.csv,rows.jsonl
prompt_only_m01,N08,1,no_action,mailex_raw,2026-10-03T00:17:34.671715+00:00,2026-10-03T00:17:37.687271+00:00,2769.1798000596464,2767.754100030288,1,1369,214,0,0,1,0,0.00024389999999999997,True,0.00024389999999999997,0.00012096,0,0,0,[],0,0,0,0,0.00012096,1,no_action,no_action,True,0,True,,0,0,0,0,pending; see semantic_review.csv,rows.jsonl
no_repair_m01,N08,1,no_action,mailex_raw,2026-10-03T00:17:37.823003+00:00,2026-10-03T00:17:39.981366+00:00,1911.489199846983,1910.1157998666167,1,1369,138,0,0,1,0,0.0002059,True,0.0002059,8.296e-05,0,0,0,[],0,0,0,0,8.296e-05,1,no_action,no_action,True,0,True,,0,0,0,0,pending; see semantic_review.csv,rows.jsonl
full_m06,N08,1,no_action,mailex_raw,2026-10-03T00:17:40.085066+00:00,2026-10-03T00:17:42.848191+00:00,2530.5130002088845,2529.7068001236767,1,2132,129,0,0,1,0,0.005554,True,0.005554,0.005554,0,0,0,[],0,0,0,0,0.005554,1,no_action,no_action,True,0,True,,0,0,0,0,pending; see semantic_review.csv,rows.jsonl
prompt_only_m06,N08,1,no_action,mailex_raw,2026-10-03T00:17:42.975432+00:00,2026-10-03T00:17:45.799924+00:00,2623.951400164515,2622.8810001630336,1,2132,138,0,0,1,0,0.005644,True,0.005644,0.005644,0,0,0,[],0,0,0,0,0.005644,1,no_action,no_action,True,0,True,,0,0,0,0,pending; see semantic_review.csv,rows.jsonl
no_repair_m06,N08,1,no_action,mailex_raw,2026-10-03T00:17:45.905812+00:00,2026-10-03T00:17:48.571465+00:00,2462.8196000121534,2461.310400161892,1,2132,143,0,0,1,0,0.005694,True,0.005694,0.005694,0,0,0,[],0,0,0,0,0.005694,1,no_action,no_action,True,0,True,,0,0,0,0,pending; see semantic_review.csv,rows.jsonl
full_m01,N09,1,no_action,mailex_raw,2026-10-03T00:17:48.825520+00:00,2026-10-03T00:17:50.998339+00:00,1933.2898003049195,1931.7487000953406,1,1421,132,0,0,1,0,0.0002081,True,0.0002081,0.00011521,0,0,0,[],0,0,0,0,0.00011521,1,no_action,no_action,True,0,True,,0,0,0,0,pending; see semantic_review.csv,rows.jsonl
prompt_only_m01,N09,1,no_action,mailex_raw,2026-10-03T00:17:51.133030+00:00,2026-10-03T00:17:54.463394+00:00,3055.1509999204427,3054.431299911812,1,1421,227,0,0,1,0,0.0002556,True,0.0002556,0.00012798,0,0,0,[],0,0,0,0,0.00012798,1,no_action,no_action,True,0,True,,0,0,0,0,pending; see semantic_review.csv,rows.jsonl
no_repair_m01,N09,1,no_action,mailex_raw,2026-10-03T00:17:54.707442+00:00,2026-10-03T00:17:57.312119+00:00,2404.6512998174876,2403.8966996595263,1,1421,163,0,0,1,0,0.0002236,True,0.0002236,9.598e-05,0,0,0,[],0,0,0,0,9.598e-05,1,no_action,no_action,True,0,True,,0,0,0,0,pending; see semantic_review.csv,rows.jsonl
full_m06,N09,1,no_action,mailex_raw,2026-10-03T00:17:57.474585+00:00,2026-10-03T00:18:00.496245+00:00,2703.726400155574,2702.1707000676543,1,2213,194,0,0,1,0,0.006366,True,0.006366,0.006366,0,0,0,[],0,0,0,0,0.006366,1,no_action,no_action,True,0,True,,0,0,0,0,pending; see semantic_review.csv,rows.jsonl
prompt_only_m06,N09,1,no_action,mailex_raw,2026-10-03T00:18:00.806521+00:00,2026-10-03T00:18:04.349882+00:00,3130.2976000588387,3129.155399976298,1,2213,215,0,0,1,0,0.006576,True,0.006576,0.006576,0,0,0,[],0,0,0,0,0.006576,1,no_action,no_action,True,0,True,,0,0,0,0,pending; see semantic_review.csv,rows.jsonl
no_repair_m06,N09,1,no_action,mailex_raw,2026-10-03T00:18:04.486688+00:00,2026-10-03T00:18:07.571074+00:00,2858.1538998987526,2856.4421995542943,1,2213,215,0,0,1,0,0.006576,True,0.006576,0.006576,0,0,0,[],0,0,0,0,0.006576,1,no_action,no_action,True,0,True,,0,0,0,0,pending; see semantic_review.csv,rows.jsonl
full_m01,N10,1,no_action,mailex_raw,2026-10-03T00:18:07.715344+00:00,2026-10-03T00:18:10.913008+00:00,2835.096100345254,2833.771300269291,1,1325,103,0,0,1,0,0.000184,True,0.000184,8.871e-05,0,0,0,[],0,0,0,0,8.871e-05,1,no_action,no_action,True,0,True,,0,0,0,0,pending; see semantic_review.csv,rows.jsonl
prompt_only_m01,N10,1,no_action,mailex_raw,2026-10-03T00:18:11.071284+00:00,2026-10-03T00:18:13.953001+00:00,2671.6691001784056,2670.9545999765396,1,1325,114,0,0,1,0,0.0001895,True,0.0001895,7.052e-05,0,0,0,[],0,0,0,0,7.052e-05,1,no_action,no_action,True,0,True,,0,0,0,0,pending; see semantic_review.csv,rows.jsonl
no_repair_m01,N10,1,no_action,mailex_raw,2026-10-03T00:18:14.104475+00:00,2026-10-03T00:18:17.192109+00:00,2664.4832000602037,2663.001500070095,1,1325,122,0,0,1,0,0.0001935,True,0.0001935,7.452e-05,0,0,0,[],0,0,0,0,7.452e-05,1,no_action,no_action,True,0,True,,0,0,0,0,pending; see semantic_review.csv,rows.jsonl
full_m06,N10,1,no_action,mailex_raw,2026-10-03T00:18:17.498209+00:00,2026-10-03T00:18:20.525852+00:00,2599.341200198978,2597.556000109762,1,2063,143,0,0,1,0,0.005556,True,0.005556,0.005556,0,0,0,[],0,0,0,0,0.005556,1,no_action,no_action,True,0,True,,0,0,0,0,pending; see semantic_review.csv,rows.jsonl
prompt_only_m06,N10,1,no_action,mailex_raw,2026-10-03T00:18:20.646106+00:00,2026-10-03T00:18:23.370330+00:00,2488.3704998064786,2487.0217996649444,1,2063,138,0,0,1,0,0.005506,True,0.005506,0.005506,0,0,0,[],0,0,0,0,0.005506,1,no_action,no_action,True,0,True,,0,0,0,0,pending; see semantic_review.csv,rows.jsonl
no_repair_m06,N10,1,no_action,mailex_raw,2026-10-03T00:18:23.493966+00:00,2026-10-03T00:18:26.233826+00:00,2468.407099833712,2467.1372999437153,1,2063,122,0,0,1,0,0.005346,True,0.005346,0.005346,0,0,0,[],0,0,0,0,0.005346,1,no_action,no_action,True,0,True,,0,0,0,0,pending; see semantic_review.csv,rows.jsonl
full_m01,N11,1,no_action,mailex_raw,2026-10-03T00:18:26.510168+00:00,2026-10-03T00:18:29.862048+00:00,2815.5755000188947,2813.950899988413,1,1330,199,0,0,1,0,0.0002325,True,0.0002325,0.000137335,0,0,0,[],0,0,0,0,0.000137335,1,no_action,no_action,True,0,True,,0,0,0,0,pending; see semantic_review.csv,rows.jsonl
prompt_only_m01,N11,1,no_action,mailex_raw,2026-10-03T00:18:30.002645+00:00,2026-10-03T00:18:33.164895+00:00,2726.2535002082586,2724.9629001598805,1,1330,151,0,0,1,0,0.0002085,True,0.0002085,8.907e-05,0,0,0,[],0,0,0,0,8.907e-05,1,no_action,no_action,True,0,True,,0,0,0,0,pending; see semantic_review.csv,rows.jsonl
no_repair_m01,N11,1,no_action,mailex_raw,2026-10-03T00:18:33.472013+00:00,2026-10-03T00:18:38.286152+00:00,3278.2129000406712,3276.1840999592096,1,1330,150,0,0,1,0,0.000208,True,0.000208,8.857e-05,0,0,0,[],0,0,0,0,8.857e-05,1,no_action,no_action,True,0,True,,0,0,0,0,pending; see semantic_review.csv,rows.jsonl
full_m06,N11,1,no_action,mailex_raw,2026-10-03T00:18:38.592406+00:00,2026-10-03T00:18:42.420662+00:00,3389.4785000011325,3388.635100098327,1,2079,217,0,0,1,0,0.006328,True,0.006328,0.006328,0,0,0,[],0,0,0,0,0.006328,1,no_action,no_action,True,0,True,,0,0,0,0,pending; see semantic_review.csv,rows.jsonl
prompt_only_m06,N11,1,no_action,mailex_raw,2026-10-03T00:18:42.574359+00:00,2026-10-03T00:18:46.245006+00:00,3230.2139999810606,3229.1087999474257,1,2079,220,0,0,1,0,0.006358,True,0.006358,0.006358,0,0,0,[],0,0,0,0,0.006358,1,no_action,no_action,True,0,True,,0,0,0,0,pending; see semantic_review.csv,rows.jsonl
no_repair_m06,N11,1,no_action,mailex_raw,2026-10-03T00:18:46.364291+00:00,2026-10-03T00:18:50.180380+00:00,3471.4921002741903,3470.3754000365734,1,2079,216,0,0,1,0,0.006318,True,0.006318,0.006318,0,0,0,[],0,0,0,0,0.006318,1,no_action,no_action,True,0,True,,0,0,0,0,pending; see semantic_review.csv,rows.jsonl
full_m01,N12,1,no_action,mailex_raw,2026-10-03T00:18:50.305556+00:00,2026-10-03T00:18:52.757976+00:00,2232.6582998503,2231.184500036761,1,1312,96,0,0,1,0,0.0001792,True,0.0001792,8.3585e-05,0,0,0,[],0,0,0,0,8.3585e-05,1,no_action,no_action,True,0,True,,0,0,0,0,pending; see semantic_review.csv,rows.jsonl
prompt_only_m01,N12,1,no_action,mailex_raw,2026-10-03T00:18:52.881310+00:00,2026-10-03T00:18:55.647054+00:00,2576.677300268784,2575.59910020791,1,1312,123,0,0,1,0,0.0001927,True,0.0001927,7.489e-05,0,0,0,[],0,0,0,0,7.489e-05,1,no_action,no_action,True,0,True,,0,0,0,0,pending; see semantic_review.csv,rows.jsonl
no_repair_m01,N12,1,no_action,mailex_raw,2026-10-03T00:18:55.788312+00:00,2026-10-03T00:18:58.441467+00:00,2425.3938999027014,2424.210999859497,1,1312,83,0,0,1,0,0.0001727,True,0.0001727,5.489e-05,0,0,0,[],0,0,0,0,5.489e-05,1,no_action,no_action,True,0,True,,0,0,0,0,pending; see semantic_review.csv,rows.jsonl
full_m06,N12,1,no_action,mailex_raw,2026-10-03T00:18:58.567042+00:00,2026-10-03T00:19:00.992098+00:00,2192.1257998328656,2190.0223998818547,1,2043,89,0,0,1,0,0.004976,True,0.004976,0.004976,0,0,0,[],0,0,0,0,0.004976,1,no_action,no_action,True,0,True,,0,0,0,0,pending; see semantic_review.csv,rows.jsonl
prompt_only_m06,N12,1,no_action,mailex_raw,2026-10-03T00:19:01.129561+00:00,2026-10-03T00:19:03.619647+00:00,2226.012300234288,2224.172300193459,1,2043,89,0,0,1,0,0.004976,True,0.004976,0.004976,0,0,0,[],0,0,0,0,0.004976,1,no_action,no_action,True,0,True,,0,0,0,0,pending; see semantic_review.csv,rows.jsonl
no_repair_m06,N12,1,no_action,mailex_raw,2026-10-03T00:19:03.733809+00:00,2026-10-03T00:19:06.152362+00:00,2176.538299769163,2175.762899685651,1,2043,88,0,0,1,0,0.004966,True,0.004966,0.004966,0,0,0,[],0,0,0,0,0.004966,1,no_action,no_action,True,0,True,,0,0,0,0,pending; see semantic_review.csv,rows.jsonl
full_m01,N13,1,no_action,mailex_raw,2026-10-03T00:19:06.256836+00:00,2026-10-03T00:19:08.495100+00:00,1787.9498996771872,1786.0926997382194,1,1302,106,0,0,1,0,0.00018319999999999998,True,0.00018319999999999998,8.7335e-05,0,0,0,[],0,0,0,0,8.7335e-05,1,no_action,no_action,True,0,True,,0,0,0,0,pending; see semantic_review.csv,rows.jsonl
prompt_only_m01,N13,1,no_action,mailex_raw,2026-10-03T00:19:08.755451+00:00,2026-10-03T00:19:11.769132+00:00,2568.035300122574,2566.897099837661,1,1302,102,0,0,1,0,0.00018119999999999999,True,0.00018119999999999999,6.429e-05,0,0,0,[],0,0,0,0,6.429e-05,1,no_action,no_action,True,0,True,,0,0,0,0,pending; see semantic_review.csv,rows.jsonl
no_repair_m01,N13,1,no_action,mailex_raw,2026-10-03T00:19:12.076685+00:00,2026-10-03T00:19:16.379413+00:00,3687.538400059566,3685.7059001922607,1,1302,121,0,0,1,0,0.0001907,True,0.0001907,7.379e-05,0,0,0,[],0,0,0,0,7.379e-05,1,no_action,no_action,True,0,True,,0,0,0,0,pending; see semantic_review.csv,rows.jsonl
full_m06,N13,1,no_action,mailex_raw,2026-10-03T00:19:16.684011+00:00,2026-10-03T00:19:19.519306+00:00,2467.5941998139024,2466.4077998604625,1,2045,102,0,0,1,0,0.00511,True,0.00511,0.00511,0,0,0,[],0,0,0,0,0.00511,1,no_action,no_action,True,0,True,,0,0,0,0,pending; see semantic_review.csv,rows.jsonl
prompt_only_m06,N13,1,no_action,mailex_raw,2026-10-03T00:19:19.627209+00:00,2026-10-03T00:19:22.306527+00:00,2460.434400010854,2459.2937999404967,1,2045,104,0,0,1,0,0.00513,True,0.00513,0.00513,0,0,0,[],0,0,0,0,0.00513,1,no_action,no_action,True,0,True,,0,0,0,0,pending; see semantic_review.csv,rows.jsonl
no_repair_m06,N13,1,no_action,mailex_raw,2026-10-03T00:19:22.434289+00:00,2026-10-03T00:19:25.015371+00:00,2323.6415998544544,2322.4070998840034,1,2045,100,0,0,1,0,0.00509,True,0.00509,0.00509,0,0,0,[],0,0,0,0,0.00509,1,no_action,no_action,True,0,True,,0,0,0,0,pending; see semantic_review.csv,rows.jsonl
full_m01,N14,1,no_action,mailex_raw,2026-10-03T00:19:25.389005+00:00,2026-10-03T00:19:28.209080+00:00,2370.2464995440096,2368.787999730557,1,1327,109,0,0,1,0,0.0001872,True,0.0001872,9.196e-05,0,0,0,[],0,0,0,0,9.196e-05,1,no_action,no_action,True,0,True,,0,0,0,0,pending; see semantic_review.csv,rows.jsonl
prompt_only_m01,N14,1,no_action,mailex_raw,2026-10-03T00:19:28.390425+00:00,2026-10-03T00:19:30.918952+00:00,2163.803899893537,2162.7716997172683,1,1327,114,0,0,1,0,0.00018969999999999998,True,0.00018969999999999998,7.054e-05,0,0,0,[],0,0,0,0,7.054e-05,1,no_action,no_action,True,0,True,,0,0,0,0,pending; see semantic_review.csv,rows.jsonl
no_repair_m01,N14,1,no_action,mailex_raw,2026-10-03T00:19:31.225332+00:00,2026-10-03T00:19:34.812249+00:00,2972.6222997996956,2970.326199894771,1,1327,122,0,0,1,0,0.0001937,True,0.0001937,7.454e-05,0,0,0,[],0,0,0,0,7.454e-05,1,no_action,no_action,True,0,True,,0,0,0,0,pending; see semantic_review.csv,rows.jsonl
full_m06,N14,1,no_action,mailex_raw,2026-10-03T00:19:34.979748+00:00,2026-10-03T00:19:37.921391+00:00,2582.5262998696417,2581.76749991253,1,2072,119,0,0,1,0,0.005334,True,0.005334,0.005334,0,0,0,[],0,0,0,0,0.005334,1,no_action,no_action,True,0,True,,0,0,0,0,pending; see semantic_review.csv,rows.jsonl
prompt_only_m06,N14,1,no_action,mailex_raw,2026-10-03T00:19:38.078897+00:00,2026-10-03T00:19:40.515563+00:00,2223.632500041276,2222.2364998888224,1,2072,114,0,0,1,0,0.005284,True,0.005284,0.005284,0,0,0,[],0,0,0,0,0.005284,1,no_action,no_action,True,0,True,,0,0,0,0,pending; see semantic_review.csv,rows.jsonl
no_repair_m06,N14,1,no_action,mailex_raw,2026-10-03T00:19:40.629719+00:00,2026-10-03T00:19:43.513009+00:00,2460.5033001862466,2459.4994001090527,1,2072,120,0,0,1,0,0.005344,True,0.005344,0.005344,0,0,0,[],0,0,0,0,0.005344,1,no_action,no_action,True,0,True,,0,0,0,0,pending; see semantic_review.csv,rows.jsonl
full_m01,N15,1,no_action,mailex_raw,2026-10-03T00:19:43.924379+00:00,2026-10-03T00:19:47.406234+00:00,2868.3539999183267,2866.2639998365194,1,1391,114,0,0,1,0,0.0001961,True,0.0001961,0.00010246,0,0,0,[],0,0,0,0,0.00010246,1,no_action,no_action,True,0,True,,0,0,0,0,pending; see semantic_review.csv,rows.jsonl
prompt_only_m01,N15,1,no_action,mailex_raw,2026-10-03T00:19:47.711404+00:00,2026-10-03T00:19:50.297320+00:00,2175.8946999907494,2175.003199838102,1,1391,127,0,0,1,0,0.0002026,True,0.0002026,7.768e-05,0,0,0,[],0,0,0,0,7.768e-05,1,no_action,no_action,True,0,True,,0,0,0,0,pending; see semantic_review.csv,rows.jsonl
no_repair_m01,N15,1,no_action,mailex_raw,2026-10-03T00:19:50.438185+00:00,2026-10-03T00:19:54.060975+00:00,3303.3048000652343,3301.9766001962125,1,1391,123,0,0,1,0,0.0002006,True,0.0002006,7.568e-05,0,0,0,[],0,0,0,0,7.568e-05,1,no_action,no_action,True,0,True,,0,0,0,0,pending; see semantic_review.csv,rows.jsonl
full_m06,N15,1,no_action,mailex_raw,2026-10-03T00:19:54.470113+00:00,2026-10-03T00:19:58.052204+00:00,3091.6341999545693,3090.7388001214713,1,2188,130,0,0,1,0,0.005676,True,0.005676,0.005676,0,0,0,[],0,0,0,0,0.005676,1,no_action,no_action,True,0,True,,0,0,0,0,pending; see semantic_review.csv,rows.jsonl
prompt_only_m06,N15,1,no_action,mailex_raw,2026-10-03T00:19:58.258458+00:00,2026-10-03T00:20:01.641301+00:00,2868.8425000291318,2867.711699800566,1,2188,125,0,0,1,0,0.005626,True,0.005626,0.005626,0,0,0,[],0,0,0,0,0.005626,1,no_action,no_action,True,0,True,,0,0,0,0,pending; see semantic_review.csv,rows.jsonl
no_repair_m06,N15,1,no_action,mailex_raw,2026-10-03T00:20:01.945549+00:00,2026-10-03T00:20:05.112388+00:00,2714.570299955085,2713.44260009937,1,2188,124,0,0,1,0,0.005616,True,0.005616,0.005616,0,0,0,[],0,0,0,0,0.005616,1,no_action,no_action,True,0,True,,0,0,0,0,pending; see semantic_review.csv,rows.jsonl
full_m01,A01,1,explicit_action,mailex_raw,2026-10-03T00:20:05.426924+00:00,2026-10-03T00:20:08.908797+00:00,3028.2545001246035,3026.7517000902444,1,1331,246,0,0,1,0,0.00025610000000000005,True,0.00025610000000000005,0.00016096,0,0,0,[],0,0,0,0,0.00016096,1,action,action,True,1,True,,0,0,0,0,pending; see semantic_review.csv,rows.jsonl
prompt_only_m01,A01,1,explicit_action,mailex_raw,2026-10-03T00:20:09.317433+00:00,2026-10-03T00:20:13.908436+00:00,4147.534400224686,4145.996700273827,1,1331,364,0,0,1,0,0.0003151,True,0.0003151,0.00019558,0,0,0,[],0,0,0,0,0.00019558,1,action,action,True,1,True,,0,0,0,0,pending; see semantic_review.csv,rows.jsonl
no_repair_m01,A01,1,explicit_action,mailex_raw,2026-10-03T00:20:14.034042+00:00,2026-10-03T00:20:17.834723+00:00,3531.4573000650853,3530.257600126788,1,1331,339,0,0,1,0,0.00030260000000000004,True,0.00030260000000000004,0.00018308,0,0,0,[],0,0,0,0,0.00018308,1,action,action,True,1,True,,0,0,0,0,pending; see semantic_review.csv,rows.jsonl
full_m06,A01,1,explicit_action,mailex_raw,2026-10-03T00:20:18.076585+00:00,2026-10-03T00:20:21.506961+00:00,3019.2438000813127,3017.0517000369728,1,2088,212,0,0,1,0,0.006296,True,0.006296,0.006296,0,0,0,[],0,0,0,0,0.006296,1,action,action,True,1,True,,0,0,0,0,pending; see semantic_review.csv,rows.jsonl
prompt_only_m06,A01,1,explicit_action,mailex_raw,2026-10-03T00:20:21.775105+00:00,2026-10-03T00:20:24.817935+00:00,2615.712200058624,2614.581499947235,1,2088,209,0,0,1,0,0.006266,True,0.006266,0.006266,0,0,0,[],0,0,0,0,0.006266,1,action,action,True,1,True,,0,0,0,0,pending; see semantic_review.csv,rows.jsonl
no_repair_m06,A01,1,explicit_action,mailex_raw,2026-10-03T00:20:24.946041+00:00,2026-10-03T00:20:28.363730+00:00,2903.197200037539,2902.4241999723017,1,2088,220,0,0,1,0,0.006376,True,0.006376,0.006376,0,0,0,[],0,0,0,0,0.006376,1,action,action,True,1,True,,0,0,0,0,pending; see semantic_review.csv,rows.jsonl
full_m01,A16,1,explicit_action,authored,2026-10-03T00:20:28.670873+00:00,2026-10-03T00:20:32.258118+00:00,2970.8861999679357,2968.8917996827513,1,1296,266,0,0,1,0,0.00026260000000000004,True,0.00026260000000000004,0.000166585,0,0,0,[],0,0,0,0,0.000166585,1,action,action,True,2,True,,0,0,0,0,pending; see semantic_review.csv,rows.jsonl
prompt_only_m01,A16,1,explicit_action,authored,2026-10-03T00:20:32.562953+00:00,2026-10-03T00:20:36.148071+00:00,2970.0273002963513,2968.4815001673996,1,1296,193,0,0,1,0,0.0002261,True,0.0002261,0.00010973,0,0,0,[],0,0,0,0,0.00010973,1,action,action,True,2,True,,0,0,0,0,pending; see semantic_review.csv,rows.jsonl
no_repair_m01,A16,1,explicit_action,authored,2026-10-03T00:20:36.453756+00:00,2026-10-03T00:20:40.013065+00:00,2971.775099867955,2970.416000112891,1,1296,265,0,0,1,0,0.00026210000000000003,True,0.00026210000000000003,0.00014573,0,0,0,[],0,0,0,0,0.00014573,1,action,action,True,2,True,,0,0,0,0,pending; see semantic_review.csv,rows.jsonl
stability_m01,A16,1,explicit_action,authored,2026-10-03T00:20:40.243702+00:00,2026-10-03T00:20:42.601958+00:00,2014.0746000688523,2011.964299948886,1,1296,181,0,0,1,0,0.00022009999999999998,True,0.00022009999999999998,0.00010373,0,0,0,[],0,0,0,0,0.00010373,1,action,action,True,2,True,,0,0,0,0,pending; see semantic_review.csv,rows.jsonl
full_m06,A16,1,explicit_action,authored,2026-10-03T00:20:42.731355+00:00,2026-10-03T00:20:45.772496+00:00,2646.938699996099,2645.485899876803,1,2021,241,0,0,1,0,0.006452,True,0.006452,0.006452,0,0,0,[],0,0,0,0,0.006452,1,action,action,True,2,True,,0,0,0,0,pending; see semantic_review.csv,rows.jsonl
prompt_only_m06,A16,1,explicit_action,authored,2026-10-03T00:20:46.079064+00:00,2026-10-03T00:20:49.295719+00:00,2796.511699911207,2795.1483000069857,1,2021,237,0,0,1,0,0.006412,True,0.006412,0.006412,0,0,0,[],0,0,0,0,0.006412,1,action,action,True,2,True,,0,0,0,0,pending; see semantic_review.csv,rows.jsonl
no_repair_m06,A16,1,explicit_action,authored,2026-10-03T00:20:49.662331+00:00,2026-10-03T00:20:53.447512+00:00,2766.317600151524,2765.134499873966,1,2021,237,0,0,1,0,0.006412,True,0.006412,0.006412,0,0,0,[],0,0,0,0,0.006412,1,action,action,True,2,True,,0,0,0,0,pending; see semantic_review.csv,rows.jsonl
stability_m06,A16,1,explicit_action,authored,2026-10-03T00:20:53.559848+00:00,2026-10-03T00:20:56.779264+00:00,2827.0551001187414,2825.9517000988126,1,2021,237,0,0,1,0,0.006412,True,0.006412,0.006412,0,0,0,[],0,0,0,0,0.006412,1,action,action,True,2,True,,0,0,0,0,pending; see semantic_review.csv,rows.jsonl
stability_m01,A16,2,explicit_action,authored,2026-10-03T00:20:56.976614+00:00,2026-10-03T00:21:00.872014+00:00,3511.992200044915,3510.9746002126485,1,1296,294,0,0,1,0,0.0002766,True,0.0002766,0.00016023,0,0,0,[],0,0,0,0,0.00016023,1,action,action,True,2,True,,0,0,0,0,pending; see semantic_review.csv,rows.jsonl
stability_m06,A16,2,explicit_action,authored,2026-10-03T00:21:01.026745+00:00,2026-10-03T00:21:08.710005+00:00,7171.11949971877,7169.971899827942,1,2021,242,0,0,1,0,0.006462,True,0.006462,0.006462,0,0,0,[],0,0,0,0,0.006462,1,action,action,True,2,True,,0,0,0,0,pending; see semantic_review.csv,rows.jsonl
stability_m01,A16,3,explicit_action,authored,2026-10-03T00:21:09.017674+00:00,2026-10-03T00:21:12.498951+00:00,2765.823199879378,2764.0328998677433,1,1296,187,0,0,1,0,0.0002231,True,0.0002231,0.00010673,0,0,0,[],0,0,0,0,0.00010673,1,action,action,True,2,True,,0,0,0,0,pending; see semantic_review.csv,rows.jsonl
stability_m06,A16,3,explicit_action,authored,2026-10-03T00:21:12.805931+00:00,2026-10-03T00:21:16.504859+00:00,2970.031699864194,2968.9505000133067,1,2021,235,0,0,1,0,0.006392,True,0.006392,0.006392,0,0,0,[],0,0,0,0,0.006392,1,action,action,True,2,True,,0,0,0,0,pending; see semantic_review.csv,rows.jsonl
full_m01,A03,1,explicit_action,mailex_raw,2026-10-03T00:21:16.901810+00:00,2026-10-03T00:21:20.384436+00:00,2734.0204999782145,2731.8567999172956,1,1297,170,0,0,1,0,0.0002147,True,0.0002147,0.00011871,0,0,0,[],0,0,0,0,0.00011871,1,action,action,True,1,True,,0,0,0,0,pending; see semantic_review.csv,rows.jsonl
prompt_only_m01,A03,1,explicit_action,mailex_raw,2026-10-03T00:21:20.642962+00:00,2026-10-03T00:21:24.685234+00:00,3482.3370999656618,3480.2705000620335,1,1297,172,0,0,1,0,0.00021569999999999998,True,0.00021569999999999998,9.924e-05,0,0,0,[],0,0,0,0,9.924e-05,1,action,action,True,1,True,,0,0,0,0,pending; see semantic_review.csv,rows.jsonl
no_repair_m01,A03,1,explicit_action,mailex_raw,2026-10-03T00:21:24.862823+00:00,2026-10-03T00:21:28.268228+00:00,2748.4311999287456,2747.201000340283,1,1297,169,0,0,1,0,0.00021419999999999998,True,0.00021419999999999998,9.774e-05,0,0,0,[],0,0,0,0,9.774e-05,1,action,action,True,1,True,,0,0,0,0,pending; see semantic_review.csv,rows.jsonl
full_m06,A03,1,explicit_action,mailex_raw,2026-10-03T00:21:28.575080+00:00,2026-10-03T00:21:31.623326+00:00,2680.7607000228018,2679.674399783835,1,2033,197,0,0,1,0,0.006036,True,0.006036,0.006036,0,0,0,[],0,0,0,0,0.006036,1,action,action,True,1,True,,0,0,0,0,pending; see semantic_review.csv,rows.jsonl
prompt_only_m06,A03,1,explicit_action,mailex_raw,2026-10-03T00:21:31.852294+00:00,2026-10-03T00:21:35.079189+00:00,2662.554800044745,2661.646000109613,1,2033,197,0,0,1,0,0.006036,True,0.006036,0.006036,0,0,0,[],0,0,0,0,0.006036,1,action,action,True,1,True,,0,0,0,0,pending; see semantic_review.csv,rows.jsonl
no_repair_m06,A03,1,explicit_action,mailex_raw,2026-10-03T00:21:35.333808+00:00,2026-10-03T00:21:38.508310+00:00,2715.5340001918375,2714.0891002491117,1,2033,209,0,0,1,0,0.006156,True,0.006156,0.006156,0,0,0,[],0,0,0,0,0.006156,1,action,action,True,1,True,,0,0,0,0,pending; see semantic_review.csv,rows.jsonl
full_m01,A17,1,explicit_action,authored,2026-10-03T00:21:38.916752+00:00,2026-10-03T00:21:42.604446+00:00,3073.7561001442373,3072.4382002372295,1,1311,230,0,0,1,0,0.0002461,True,0.0002461,0.00015046,0,0,0,[],0,0,0,0,0.00015046,1,needs_review,needs_review,True,0,True,,0,0,0,0,pending; see semantic_review.csv,rows.jsonl
prompt_only_m01,A17,1,explicit_action,authored,2026-10-03T00:21:42.911479+00:00,2026-10-03T00:21:46.289336+00:00,2764.9543003644794,2763.8140004128218,1,1311,202,0,0,1,0,0.0002321,True,0.0002321,0.00011438,0,0,0,[],0,0,0,0,0.00011438,1,needs_review,needs_review,True,0,True,,0,0,0,0,pending; see semantic_review.csv,rows.jsonl
no_repair_m01,A17,1,explicit_action,authored,2026-10-03T00:21:47.107809+00:00,2026-10-03T00:21:50.474713+00:00,2971.5919999871403,2970.216400222853,1,1311,163,0,0,1,0,0.0002126,True,0.0002126,9.488e-05,0,0,0,[],0,0,0,0,9.488e-05,1,needs_review,needs_review,True,0,True,,0,0,0,0,pending; see semantic_review.csv,rows.jsonl
full_m06,A17,1,explicit_action,authored,2026-10-03T00:21:50.624907+00:00,2026-10-03T00:21:54.709977+00:00,2759.297400014475,2758.4355000872165,1,2042,175,0,0,1,0,0.005834,True,0.005834,0.005834,0,0,0,[],0,0,0,0,0.005834,1,needs_review,needs_review,True,0,True,,0,0,0,0,pending; see semantic_review.csv,rows.jsonl
prompt_only_m06,A17,1,explicit_action,authored,2026-10-03T00:21:54.836130+00:00,2026-10-03T00:21:57.618568+00:00,2561.2158002331853,2560.2122000418603,1,2042,183,0,0,1,0,0.005914,True,0.005914,0.005914,0,0,0,[],0,0,0,0,0.005914,1,needs_review,needs_review,True,0,True,,0,0,0,0,pending; see semantic_review.csv,rows.jsonl
no_repair_m06,A17,1,explicit_action,authored,2026-10-03T00:21:57.746305+00:00,2026-10-03T00:22:01.449931+00:00,3386.182499816641,3385.36879979074,1,2042,173,0,0,1,0,0.005814,True,0.005814,0.005814,0,0,0,[],0,0,0,0,0.005814,1,needs_review,needs_review,True,0,True,,0,0,0,0,pending; see semantic_review.csv,rows.jsonl
full_m01,A18,1,explicit_action,authored,2026-10-03T00:22:01.601821+00:00,2026-10-03T00:22:05.986143+00:00,4123.268599854782,4121.696999995038,1,1297,155,0,0,1,0,0.0002072,True,0.0002072,0.00011121,0,0,0,[],0,0,0,0,0.00011121,1,needs_review,needs_review,True,0,True,,0,0,0,0,pending; see semantic_review.csv,rows.jsonl
prompt_only_m01,A18,1,explicit_action,authored,2026-10-03T00:22:06.100844+00:00,2026-10-03T00:22:10.457718+00:00,3751.3482000213116,3749.681900255382,1,1297,264,0,0,1,0,0.00026169999999999996,True,0.00026169999999999996,0.00014524,0,0,0,[],0,0,0,0,0.00014524,1,needs_review,needs_review,True,0,True,,0,0,0,0,pending; see semantic_review.csv,rows.jsonl
no_repair_m01,A18,1,explicit_action,authored,2026-10-03T00:22:10.628417+00:00,2026-10-03T00:22:15.418317+00:00,4436.229399871081,4434.760000091046,1,1297,120,0,0,1,0,0.00018969999999999998,True,0.00018969999999999998,7.324e-05,0,0,0,[],0,0,0,0,7.324e-05,1,needs_review,needs_review,True,0,True,,0,0,0,0,pending; see semantic_review.csv,rows.jsonl
full_m06,A18,1,explicit_action,authored,2026-10-03T00:22:15.603918+00:00,2026-10-03T00:22:20.228828+00:00,2661.6602998692542,2660.8476999681443,1,2023,145,0,0,1,0,0.005496,True,0.005496,0.005496,0,0,0,[],0,0,0,0,0.005496,1,needs_review,needs_review,True,0,True,,0,0,0,0,pending; see semantic_review.csv,rows.jsonl
prompt_only_m06,A18,1,explicit_action,authored,2026-10-03T00:22:20.467816+00:00,2026-10-03T00:22:23.318770+00:00,2532.459600130096,2530.894999857992,1,2023,146,0,0,1,0,0.005506,True,0.005506,0.005506,0,0,0,[],0,0,0,0,0.005506,1,needs_review,needs_review,True,0,True,,0,0,0,0,pending; see semantic_review.csv,rows.jsonl
no_repair_m06,A18,1,explicit_action,authored,2026-10-03T00:22:23.444526+00:00,2026-10-03T00:22:26.431726+00:00,2574.8207999859005,2573.242499958724,1,2023,146,0,0,1,0,0.005506,True,0.005506,0.005506,0,0,0,[],0,0,0,0,0.005506,1,needs_review,needs_review,True,0,True,,0,0,0,0,pending; see semantic_review.csv,rows.jsonl
full_m01,A06,1,explicit_action,mailex_raw,2026-10-03T00:22:26.737484+00:00,2026-10-03T00:22:30.854893+00:00,3690.183099824935,3688.8452998828143,1,1312,401,0,0,1,0,0.0003317,True,0.0003317,0.000236085,0,0,0,[],0,0,0,0,0.000236085,1,action,action,True,1,True,,0,0,0,0,pending; see semantic_review.csv,rows.jsonl
prompt_only_m01,A06,1,explicit_action,mailex_raw,2026-10-03T00:22:32.188413+00:00,2026-10-03T00:22:35.748797+00:00,3005.5959997698665,3004.059599712491,1,1312,278,0,0,1,0,0.0002702,True,0.0002702,0.00015239,0,0,0,[],0,0,0,0,0.00015239,1,action,action,True,1,True,,0,0,0,0,pending; see semantic_review.csv,rows.jsonl
no_repair_m01,A06,1,explicit_action,mailex_raw,2026-10-03T00:22:36.009345+00:00,2026-10-03T00:22:40.972453+00:00,4466.739599825814,4465.0882999412715,1,1312,458,0,0,1,0,0.0003602,True,0.0003602,0.00024239,0,0,0,[],0,0,0,0,0.00024239,1,action,action,True,1,True,,0,0,0,0,pending; see semantic_review.csv,rows.jsonl
full_m06,A06,1,explicit_action,mailex_raw,2026-10-03T00:22:41.278468+00:00,2026-10-03T00:22:48.344640+00:00,5566.853200085461,5565.413200063631,1,2060,481,0,0,1,0,0.00893,True,0.00893,0.00893,0,0,0,[],0,0,0,0,0.00893,1,action,action,True,1,True,,0,0,0,0,pending; see semantic_review.csv,rows.jsonl
prompt_only_m06,A06,1,explicit_action,mailex_raw,2026-10-03T00:22:48.548834+00:00,2026-10-03T00:22:54.386083+00:00,5223.4458001330495,5221.700600115582,1,2060,456,0,0,1,0,0.00868,True,0.00868,0.00868,0,0,0,[],0,0,0,0,0.00868,1,action,action,True,1,True,,0,0,0,0,pending; see semantic_review.csv,rows.jsonl
no_repair_m06,A06,1,explicit_action,mailex_raw,2026-10-03T00:22:54.691885+00:00,2026-10-03T00:23:00.222993+00:00,5025.88800014928,5024.143100017682,1,2060,469,0,0,1,0,0.00881,True,0.00881,0.00881,0,0,0,[],0,0,0,0,0.00881,1,action,action,True,1,True,,0,0,0,0,pending; see semantic_review.csv,rows.jsonl
full_m01,A19,1,explicit_action,authored,2026-10-03T00:23:00.513879+00:00,2026-10-03T00:23:05.066577+00:00,4261.31849992089,4259.986399905756,1,1303,138,0,0,1,0,0.0001993,True,0.0001993,0.00010346,0,0,0,[],0,0,0,0,0.00010346,1,needs_review,needs_review,True,0,True,,0,0,0,0,pending; see semantic_review.csv,rows.jsonl
prompt_only_m01,A19,1,explicit_action,authored,2026-10-03T00:23:05.181557+00:00,2026-10-03T00:23:11.487105+00:00,4902.191400062293,4901.1983999516815,1,1303,143,0,0,1,0,0.00020179999999999997,True,0.00020179999999999997,8.48e-05,0,0,0,[],0,0,0,0,8.48e-05,1,needs_review,needs_review,True,0,True,,0,0,0,0,pending; see semantic_review.csv,rows.jsonl
no_repair_m01,A19,1,explicit_action,authored,2026-10-03T00:23:11.793571+00:00,2026-10-03T00:23:14.864248+00:00,2457.9783000517637,2456.882700091228,1,1303,146,0,0,1,0,0.00020329999999999998,True,0.00020329999999999998,8.63e-05,0,0,0,[],0,0,0,0,8.63e-05,1,needs_review,needs_review,True,0,True,,0,0,0,0,pending; see semantic_review.csv,rows.jsonl
full_m06,A19,1,explicit_action,authored,2026-10-03T00:23:15.172348+00:00,2026-10-03T00:23:20.702774+00:00,4813.239499926567,4811.693599913269,1,2042,155,0,0,1,0,0.005634,True,0.005634,0.005634,0,0,0,[],0,0,0,0,0.005634,1,needs_review,needs_review,True,0,True,,0,0,0,0,pending; see semantic_review.csv,rows.jsonl
prompt_only_m06,A19,1,explicit_action,authored,2026-10-03T00:23:20.918349+00:00,2026-10-03T00:23:23.722167+00:00,2355.723900021985,2354.4910000637174,1,2042,156,0,0,1,0,0.005644,True,0.005644,0.005644,0,0,0,[],0,0,0,0,0.005644,1,needs_review,needs_review,True,0,True,,0,0,0,0,pending; see semantic_review.csv,rows.jsonl
no_repair_m06,A19,1,explicit_action,authored,2026-10-03T00:23:23.903580+00:00,2026-10-03T00:23:26.603181+00:00,2410.9221000690013,2409.506000345573,1,2042,155,0,0,1,0,0.005634,True,0.005634,0.005634,0,0,0,[],0,0,0,0,0.005634,1,needs_review,needs_review,True,0,True,,0,0,0,0,pending; see semantic_review.csv,rows.jsonl
full_m01,A08,1,explicit_action,mailex_raw,2026-10-03T00:23:26.947061+00:00,2026-10-03T00:23:30.447525+00:00,3042.504800017923,3040.9331002738327,1,1306,201,0,0,1,0,0.0002311,True,0.0002311,0.000135335,0,0,0,[],0,0,0,0,0.000135335,1,action,action,True,1,True,,0,0,0,0,pending; see semantic_review.csv,rows.jsonl
prompt_only_m01,A08,1,explicit_action,mailex_raw,2026-10-03T00:23:30.624652+00:00,2026-10-03T00:23:33.869119+00:00,2801.899600075558,2800.552000058815,1,1306,211,0,0,1,0,0.0002361,True,0.0002361,0.00011883,0,0,0,[],0,0,0,0,0.00011883,1,action,action,True,1,True,,0,0,0,0,pending; see semantic_review.csv,rows.jsonl
no_repair_m01,A08,1,explicit_action,mailex_raw,2026-10-03T00:23:34.015376+00:00,2026-10-03T00:23:37.417264+00:00,2898.0468998197466,2896.3911999017,1,1306,232,0,0,1,0,0.0002466,True,0.0002466,0.00012933,0,0,0,[],0,0,0,0,0.00012933,1,action,action,True,1,True,,0,0,0,0,pending; see semantic_review.csv,rows.jsonl
full_m06,A08,1,explicit_action,mailex_raw,2026-10-03T00:23:37.806496+00:00,2026-10-03T00:23:41.150275+00:00,2866.5682999417186,2865.7326998654753,1,2040,188,0,0,1,0,0.00596,True,0.00596,0.00596,0,0,0,[],0,0,0,0,0.00596,1,action,action,True,1,True,,0,0,0,0,pending; see semantic_review.csv,rows.jsonl
prompt_only_m06,A08,1,explicit_action,mailex_raw,2026-10-03T00:23:41.396516+00:00,2026-10-03T00:23:45.687618+00:00,2936.864399816841,2935.6360000092536,1,2040,186,0,0,1,0,0.00594,True,0.00594,0.00594,0,0,0,[],0,0,0,0,0.00594,1,action,action,True,1,True,,0,0,0,0,pending; see semantic_review.csv,rows.jsonl
no_repair_m06,A08,1,explicit_action,mailex_raw,2026-10-03T00:23:45.994768+00:00,2026-10-03T00:23:49.168072+00:00,2663.782600313425,2662.492400035262,1,2040,184,0,0,1,0,0.00592,True,0.00592,0.00592,0,0,0,[],0,0,0,0,0.00592,1,action,action,True,1,True,,0,0,0,0,pending; see semantic_review.csv,rows.jsonl
full_m01,A09,1,explicit_action,mailex_raw,2026-10-03T00:23:49.476917+00:00,2026-10-03T00:23:53.470200+00:00,3380.5021001026034,3379.0887002833188,1,1371,183,0,0,1,0,0.0002286,True,0.0002286,0.00013446,0,0,0,[],0,0,0,0,0.00013446,1,action,action,True,1,True,,0,0,0,0,pending; see semantic_review.csv,rows.jsonl
prompt_only_m01,A09,1,explicit_action,mailex_raw,2026-10-03T00:23:53.981487+00:00,2026-10-03T00:23:57.538827+00:00,2972.1761003602296,2970.3444002661854,1,1371,188,0,0,1,0,0.0002311,True,0.0002311,0.00010798,0,0,0,[],0,0,0,0,0.00010798,1,action,action,True,1,True,,0,0,0,0,pending; see semantic_review.csv,rows.jsonl
no_repair_m01,A09,1,explicit_action,mailex_raw,2026-10-03T00:23:59.211727+00:00,2026-10-03T00:24:03.198687+00:00,3543.1184000335634,3541.2148002069443,1,1371,171,0,0,1,0,0.0002226,True,0.0002226,9.948e-05,0,0,0,[],0,0,0,0,9.948e-05,1,action,action,True,1,True,,0,0,0,0,pending; see semantic_review.csv,rows.jsonl
full_m06,A09,1,explicit_action,mailex_raw,2026-10-03T00:24:03.503496+00:00,2026-10-03T00:24:08.318520+00:00,3252.368099987507,3250.8044000715017,1,2115,224,0,0,1,0,0.00647,True,0.00647,0.00647,0,0,0,[],0,0,0,0,0.00647,1,action,action,True,1,True,,0,0,0,0,pending; see semantic_review.csv,rows.jsonl
prompt_only_m06,A09,1,explicit_action,mailex_raw,2026-10-03T00:24:08.624584+00:00,2026-10-03T00:24:12.108055+00:00,2911.4256999455392,2910.478499950841,1,2115,212,0,0,1,0,0.00635,True,0.00635,0.00635,0,0,0,[],0,0,0,0,0.00635,1,action,action,True,1,True,,0,0,0,0,pending; see semantic_review.csv,rows.jsonl
no_repair_m06,A09,1,explicit_action,mailex_raw,2026-10-03T00:24:12.414319+00:00,2026-10-03T00:24:15.997892+00:00,3074.0395998582244,3072.0839998684824,1,2115,215,0,0,1,0,0.00638,True,0.00638,0.00638,0,0,0,[],0,0,0,0,0.00638,1,action,action,True,1,True,,0,0,0,0,pending; see semantic_review.csv,rows.jsonl
full_m01,A20,1,explicit_action,authored,2026-10-03T00:24:16.304046+00:00,2026-10-03T00:24:19.582792+00:00,2726.613099919632,2725.278199883178,1,1309,136,0,0,1,0,0.00019889999999999998,True,0.00019889999999999998,0.00010321,0,0,0,[],0,0,0,0,0.00010321,1,needs_review,needs_review,True,0,True,,0,0,0,0,pending; see semantic_review.csv,rows.jsonl
prompt_only_m01,A20,1,explicit_action,authored,2026-10-03T00:24:19.887397+00:00,2026-10-03T00:24:23.574097+00:00,2991.727399872616,2990.878499811515,1,1309,154,0,0,1,0,0.00020789999999999998,True,0.00020789999999999998,9.036e-05,0,0,0,[],0,0,0,0,9.036e-05,1,needs_review,needs_review,True,0,True,,0,0,0,0,pending; see semantic_review.csv,rows.jsonl
no_repair_m01,A20,1,explicit_action,authored,2026-10-03T00:24:24.086049+00:00,2026-10-03T00:24:27.365870+00:00,2551.4175998978317,2549.2521999403834,1,1309,135,0,0,1,0,0.00019839999999999997,True,0.00019839999999999997,8.086e-05,0,0,0,[],0,0,0,0,8.086e-05,1,needs_review,needs_review,True,0,True,,0,0,0,0,pending; see semantic_review.csv,rows.jsonl
full_m06,A20,1,explicit_action,authored,2026-10-03T00:24:27.731961+00:00,2026-10-03T00:24:30.860393+00:00,2656.1430997680873,2654.959199950099,1,2043,164,0,0,1,0,0.005726,True,0.005726,0.005726,0,0,0,[],0,0,0,0,0.005726,1,needs_review,needs_review,True,0,True,,0,0,0,0,pending; see semantic_review.csv,rows.jsonl
prompt_only_m06,A20,1,explicit_action,authored,2026-10-03T00:24:31.023592+00:00,2026-10-03T00:24:34.166018+00:00,2445.177100133151,2444.005799945444,1,2043,164,0,0,1,0,0.005726,True,0.005726,0.005726,0,0,0,[],0,0,0,0,0.005726,1,needs_review,needs_review,True,0,True,,0,0,0,0,pending; see semantic_review.csv,rows.jsonl
no_repair_m06,A20,1,explicit_action,authored,2026-10-03T00:24:34.417042+00:00,2026-10-03T00:24:37.604133+00:00,2533.791999798268,2532.49689983204,1,2043,164,0,0,1,0,0.005726,True,0.005726,0.005726,0,0,0,[],0,0,0,0,0.005726,1,needs_review,needs_review,True,0,True,,0,0,0,0,pending; see semantic_review.csv,rows.jsonl
full_m01,A11,1,explicit_action,mailex_raw,2026-10-03T00:24:39.651819+00:00,2026-10-03T00:24:43.302656+00:00,3130.908700171858,3129.770700354129,1,1309,178,0,0,1,0,0.00021989999999999998,True,0.00021989999999999998,0.00012421,0,0,0,[],0,0,0,0,0.00012421,1,action,action,True,1,True,,0,0,0,0,pending; see semantic_review.csv,rows.jsonl
prompt_only_m01,A11,1,explicit_action,mailex_raw,2026-10-03T00:24:43.542319+00:00,2026-10-03T00:24:47.100186+00:00,3127.026799833402,3125.4918999038637,1,1309,159,0,0,1,0,0.00021039999999999996,True,0.00021039999999999996,9.286e-05,0,0,0,[],0,0,0,0,9.286e-05,1,action,action,True,1,True,,0,0,0,0,pending; see semantic_review.csv,rows.jsonl
no_repair_m01,A11,1,explicit_action,mailex_raw,2026-10-03T00:24:47.244238+00:00,2026-10-03T00:24:52.246016+00:00,2887.648400152102,2886.6111002862453,1,1309,164,0,0,1,0,0.00021289999999999997,True,0.00021289999999999997,9.536e-05,0,0,0,[],0,0,0,0,9.536e-05,1,action,action,True,1,True,,0,0,0,0,pending; see semantic_review.csv,rows.jsonl
full_m06,A11,1,explicit_action,mailex_raw,2026-10-03T00:24:52.486953+00:00,2026-10-03T00:24:56.036956+00:00,2971.327800070867,2969.5785003714263,1,2035,197,0,0,1,0,0.00604,True,0.00604,0.00604,0,0,0,[],0,0,0,0,0.00604,1,action,action,True,1,True,,0,0,0,0,pending; see semantic_review.csv,rows.jsonl
prompt_only_m06,A11,1,explicit_action,mailex_raw,2026-10-03T00:24:56.443867+00:00,2026-10-03T00:24:59.872125+00:00,2971.5158003382385,2970.0961001217365,1,2035,197,0,0,1,0,0.00604,True,0.00604,0.00604,0,0,0,[],0,0,0,0,0.00604,1,action,action,True,1,True,,0,0,0,0,pending; see semantic_review.csv,rows.jsonl
no_repair_m06,A11,1,explicit_action,mailex_raw,2026-10-03T00:25:00.234222+00:00,2026-10-03T00:25:03.613498+00:00,2779.194500297308,2777.7693001553416,1,2035,196,0,0,1,0,0.00603,True,0.00603,0.00603,0,0,0,[],0,0,0,0,0.00603,1,action,action,True,1,True,,0,0,0,0,pending; see semantic_review.csv,rows.jsonl
full_m01,A21,1,explicit_action,authored,2026-10-03T00:25:03.920533+00:00,2026-10-03T00:25:07.136986+00:00,2759.072600165382,2757.2944001294672,1,1290,143,0,0,1,0,0.0002005,True,0.0002005,0.000104335,0,0,0,[],0,0,0,0,0.000104335,1,action,action,True,1,True,,0,0,0,0,pending; see semantic_review.csv,rows.jsonl
prompt_only_m01,A21,1,explicit_action,authored,2026-10-03T00:25:07.296089+00:00,2026-10-03T00:25:10.346180+00:00,2697.8952998761088,2696.4311997871846,1,1290,148,0,0,1,0,0.000203,True,0.000203,8.717e-05,0,0,0,[],0,0,0,0,8.717e-05,1,action,action,True,1,True,,0,0,0,0,pending; see semantic_review.csv,rows.jsonl
no_repair_m01,A21,1,explicit_action,authored,2026-10-03T00:25:10.504626+00:00,2026-10-03T00:25:13.548069+00:00,2726.4733999036252,2724.5131998788565,1,1290,144,0,0,1,0,0.000201,True,0.000201,8.517e-05,0,0,0,[],0,0,0,0,8.517e-05,1,action,action,True,1,True,,0,0,0,0,pending; see semantic_review.csv,rows.jsonl
full_m06,A21,1,explicit_action,authored,2026-10-03T00:25:14.056648+00:00,2026-10-03T00:25:16.956547+00:00,2455.2005000878125,2454.267800087109,1,2019,193,0,0,1,0,0.005968,True,0.005968,0.005968,0,0,0,[],0,0,0,0,0.005968,1,action,action,True,1,True,,0,0,0,0,pending; see semantic_review.csv,rows.jsonl
prompt_only_m06,A21,1,explicit_action,authored,2026-10-03T00:25:17.089038+00:00,2026-10-03T00:25:19.603786+00:00,2233.000500127673,2232.0159999653697,1,2019,193,0,0,1,0,0.005968,True,0.005968,0.005968,0,0,0,[],0,0,0,0,0.005968,1,action,action,True,1,True,,0,0,0,0,pending; see semantic_review.csv,rows.jsonl
no_repair_m06,A21,1,explicit_action,authored,2026-10-03T00:25:19.751265+00:00,2026-10-03T00:25:22.455444+00:00,2481.2373998574913,2480.17909983173,1,2019,193,0,0,1,0,0.005968,True,0.005968,0.005968,0,0,0,[],0,0,0,0,0.005968,1,action,action,True,1,True,,0,0,0,0,pending; see semantic_review.csv,rows.jsonl
full_m01,A22,1,explicit_action,authored,2026-10-03T00:25:22.572792+00:00,2026-10-03T00:25:26.244392+00:00,3330.308099742979,3328.2338997814804,1,1300,248,0,0,1,0,0.000254,True,0.000254,0.000158085,0,0,0,[],0,0,0,0,0.000158085,1,action,action,True,1,True,,0,0,0,0,pending; see semantic_review.csv,rows.jsonl
prompt_only_m01,A22,1,explicit_action,authored,2026-10-03T00:25:26.447725+00:00,2026-10-03T00:25:30.152919+00:00,3289.329399820417,3288.19049987942,1,1300,175,0,0,1,0,0.0002175,True,0.0002175,0.00010077,0,0,0,[],0,0,0,0,0.00010077,1,action,action,True,1,True,,0,0,0,0,pending; see semantic_review.csv,rows.jsonl
no_repair_m01,A22,1,explicit_action,authored,2026-10-03T00:25:30.295705+00:00,2026-10-03T00:25:33.344964+00:00,2804.000100120902,2801.9636999815702,1,1300,206,0,0,1,0,0.000233,True,0.000233,0.00011627,0,0,0,[],0,0,0,0,0.00011627,1,action,action,True,1,True,,0,0,0,0,pending; see semantic_review.csv,rows.jsonl
full_m06,A22,1,explicit_action,authored,2026-10-03T00:25:33.496529+00:00,2026-10-03T00:25:36.674877+00:00,2838.530699722469,2837.4967998825014,1,2031,226,0,0,1,0,0.006322,True,0.006322,0.006322,0,0,0,[],0,0,0,0,0.006322,1,action,action,True,1,True,,0,0,0,0,pending; see semantic_review.csv,rows.jsonl
prompt_only_m06,A22,1,explicit_action,authored,2026-10-03T00:25:36.802911+00:00,2026-10-03T00:25:39.758133+00:00,2688.055999809876,2687.1093998197466,1,2031,220,0,0,1,0,0.006262,True,0.006262,0.006262,0,0,0,[],0,0,0,0,0.006262,1,action,action,True,1,True,,0,0,0,0,pending; see semantic_review.csv,rows.jsonl
no_repair_m06,A22,1,explicit_action,authored,2026-10-03T00:25:40.038699+00:00,2026-10-03T00:25:43.155387+00:00,2852.0466000773013,2851.137800142169,1,2031,244,0,0,1,0,0.006502,True,0.006502,0.006502,0,0,0,[],0,0,0,0,0.006502,1,action,action,True,1,True,,0,0,0,0,pending; see semantic_review.csv,rows.jsonl
full_m01,A23,1,explicit_action,authored,2026-10-03T00:25:43.294508+00:00,2026-10-03T00:25:46.767790+00:00,3104.4467999599874,3103.574499953538,1,1285,146,0,0,1,0,0.0002015,True,0.0002015,0.00010521,0,0,0,[],0,0,0,0,0.00010521,1,action,action,True,1,True,,0,0,0,0,pending; see semantic_review.csv,rows.jsonl
prompt_only_m01,A23,1,explicit_action,authored,2026-10-03T00:25:46.984973+00:00,2026-10-03T00:25:50.014120+00:00,2758.158899843693,2756.5187998116016,1,1285,139,0,0,1,0,0.000198,True,0.000198,8.262e-05,0,0,0,[],0,0,0,0,8.262e-05,1,action,action,True,1,True,,0,0,0,0,pending; see semantic_review.csv,rows.jsonl
no_repair_m01,A23,1,explicit_action,authored,2026-10-03T00:25:50.140660+00:00,2026-10-03T00:25:53.994692+00:00,3471.1990996729583,3469.52459984459,1,1285,161,0,0,1,0,0.000209,True,0.000209,9.362e-05,0,0,0,[],0,0,0,0,9.362e-05,1,action,action,True,1,True,,0,0,0,0,pending; see semantic_review.csv,rows.jsonl
stability_m01,A23,1,explicit_action,authored,2026-10-03T00:25:54.504556+00:00,2026-10-03T00:25:57.849523+00:00,2897.168399998918,2896.0527000017464,1,1285,132,0,0,1,0,0.0001945,True,0.0001945,7.912e-05,0,0,0,[],0,0,0,0,7.912e-05,1,action,action,True,1,True,,0,0,0,0,pending; see semantic_review.csv,rows.jsonl
full_m06,A23,1,explicit_action,authored,2026-10-03T00:25:57.984159+00:00,2026-10-03T00:26:00.551024+00:00,2381.876500090584,2380.973300198093,1,2014,195,0,0,1,0,0.005978,True,0.005978,0.005978,0,0,0,[],0,0,0,0,0.005978,1,action,action,True,1,True,,0,0,0,0,pending; see semantic_review.csv,rows.jsonl
prompt_only_m06,A23,1,explicit_action,authored,2026-10-03T00:26:00.670755+00:00,2026-10-03T00:26:03.268842+00:00,2355.3343003150076,2354.4800002127886,1,2014,198,0,0,1,0,0.006008,True,0.006008,0.006008,0,0,0,[],0,0,0,0,0.006008,1,action,action,True,1,True,,0,0,0,0,pending; see semantic_review.csv,rows.jsonl
no_repair_m06,A23,1,explicit_action,authored,2026-10-03T00:26:03.389281+00:00,2026-10-03T00:26:06.384368+00:00,2484.501500148326,2483.014800120145,1,2014,194,0,0,1,0,0.005968,True,0.005968,0.005968,0,0,0,[],0,0,0,0,0.005968,1,action,action,True,1,True,,0,0,0,0,pending; see semantic_review.csv,rows.jsonl
stability_m06,A23,1,explicit_action,authored,2026-10-03T00:26:06.689990+00:00,2026-10-03T00:26:10.900284+00:00,2343.962599989027,2342.1571999788284,1,2014,195,0,0,1,0,0.005978,True,0.005978,0.005978,0,0,0,[],0,0,0,0,0.005978,1,action,action,True,1,True,,0,0,0,0,pending; see semantic_review.csv,rows.jsonl
stability_m01,A23,2,explicit_action,authored,2026-10-03T00:26:11.082087+00:00,2026-10-03T00:26:14.077960+00:00,2517.329200170934,2515.737200155854,1,1285,133,0,0,1,0,0.000195,True,0.000195,7.962e-05,0,0,0,[],0,0,0,0,7.962e-05,1,action,action,True,1,True,,0,0,0,0,pending; see semantic_review.csv,rows.jsonl
stability_m06,A23,2,explicit_action,authored,2026-10-03T00:26:14.472617+00:00,2026-10-03T00:26:17.587815+00:00,2610.3725999128073,2608.6097999941558,1,2014,198,0,0,1,0,0.006008,True,0.006008,0.006008,0,0,0,[],0,0,0,0,0.006008,1,action,action,True,1,True,,0,0,0,0,pending; see semantic_review.csv,rows.jsonl
stability_m01,A23,3,explicit_action,authored,2026-10-03T00:26:17.723479+00:00,2026-10-03T00:26:20.652874+00:00,2681.244100211188,2679.7666002530605,1,1285,146,0,0,1,0,0.0002015,True,0.0002015,8.612e-05,0,0,0,[],0,0,0,0,8.612e-05,1,action,action,True,1,True,,0,0,0,0,pending; see semantic_review.csv,rows.jsonl
stability_m06,A23,3,explicit_action,authored,2026-10-03T00:26:20.772485+00:00,2026-10-03T00:26:23.559480+00:00,2468.6195999383926,2467.7953000646085,1,2014,200,0,0,1,0,0.006028,True,0.006028,0.006028,0,0,0,[],0,0,0,0,0.006028,1,action,action,True,1,True,,0,0,0,0,pending; see semantic_review.csv,rows.jsonl
full_m01,A24,1,explicit_action,authored,2026-10-03T00:26:23.720731+00:00,2026-10-03T00:26:27.417331+00:00,3485.6218001805246,3484.4015000853688,1,1292,197,0,0,1,0,0.00022769999999999998,True,0.00022769999999999998,0.000131585,0,0,0,[],0,0,0,0,0.000131585,1,action,action,True,1,True,,0,0,0,0,pending; see semantic_review.csv,rows.jsonl
prompt_only_m01,A24,1,explicit_action,authored,2026-10-03T00:26:27.548213+00:00,2026-10-03T00:26:30.690883+00:00,2783.248000079766,2781.9455002900213,1,1292,166,0,0,1,0,0.00021219999999999998,True,0.00021219999999999998,9.619e-05,0,0,0,[],0,0,0,0,9.619e-05,1,action,action,True,1,True,,0,0,0,0,pending; see semantic_review.csv,rows.jsonl
no_repair_m01,A24,1,explicit_action,authored,2026-10-03T00:26:30.907081+00:00,2026-10-03T00:26:33.643425+00:00,2443.8220001757145,2442.3175998963416,1,1292,156,0,0,1,0,0.0002072,True,0.0002072,9.119e-05,0,0,0,[],0,0,0,0,9.119e-05,1,action,action,True,1,True,,0,0,0,0,pending; see semantic_review.csv,rows.jsonl
full_m06,A24,1,explicit_action,authored,2026-10-03T00:26:33.792446+00:00,2026-10-03T00:26:36.949275+00:00,2857.4115997180343,2856.062799692154,1,2024,226,0,0,1,0,0.006308,True,0.006308,0.006308,0,0,0,[],0,0,0,0,0.006308,1,action,action,True,1,True,,0,0,0,0,pending; see semantic_review.csv,rows.jsonl
prompt_only_m06,A24,1,explicit_action,authored,2026-10-03T00:26:37.308575+00:00,2026-10-03T00:26:41.639951+00:00,3903.3653996884823,3901.4112998265773,1,2024,362,0,0,1,0,0.007668,True,0.007668,0.007668,0,0,0,[],0,0,0,0,0.007668,1,action,action,True,1,True,,0,0,0,0,pending; see semantic_review.csv,rows.jsonl
no_repair_m06,A24,1,explicit_action,authored,2026-10-03T00:26:41.790910+00:00,2026-10-03T00:26:44.929299+00:00,2876.7694996204227,2875.5308997351676,1,2024,230,0,0,1,0,0.006348,True,0.006348,0.006348,0,0,0,[],0,0,0,0,0.006348,1,action,action,True,1,True,,0,0,0,0,pending; see semantic_review.csv,rows.jsonl
full_m01,C11,1,context_dependent,mailex_raw,2026-10-03T00:26:45.206440+00:00,2026-10-03T00:26:57.234463+00:00,11631.955299992114,11629.754200112075,1,1562,1207,0,0,1,0,0.0007597000000000001,True,0.0007597000000000001,0.000670335,0,0,0,[],0,0,0,0,0.000670335,1,needs_review,action,False,1,True,,0,0,0,0,pending; see semantic_review.csv,rows.jsonl
prompt_only_m01,C11,1,context_dependent,mailex_raw,2026-10-03T00:26:57.366530+00:00,2026-10-03T00:27:01.985125+00:00,4194.695600075647,4193.827100098133,1,1562,324,0,0,1,0,0.0003182,True,0.0003182,0.00017789,0,0,0,[],0,0,0,0,0.00017789,1,needs_review,action,False,1,True,,0,0,0,0,pending; see semantic_review.csv,rows.jsonl
no_thread_m01,C11,1,context_dependent,mailex_raw,2026-10-03T00:27:02.270405+00:00,2026-10-03T00:27:11.612174+00:00,8923.162500141189,8921.691900119185,1,1372,1022,0,0,1,0,0.0006482,True,0.0006482,0.000554085,0,0,0,[],0,0,0,0,0.000554085,1,needs_review,action,False,1,True,,0,0,0,0,pending; see semantic_review.csv,rows.jsonl
no_repair_m01,C11,1,context_dependent,mailex_raw,2026-10-03T00:27:11.816536+00:00,2026-10-03T00:27:16.629080+00:00,4199.872699799016,4198.462399886921,1,1562,400,0,0,1,0,0.0003562,True,0.0003562,0.00021589,0,0,0,[],0,0,0,0,0.00021589,1,needs_review,action,False,1,True,,0,0,0,0,pending; see semantic_review.csv,rows.jsonl
stability_m01,C11,1,context_dependent,mailex_raw,2026-10-03T00:27:16.936841+00:00,2026-10-03T00:27:24.925882+00:00,7624.170199967921,7621.73549993895,1,1562,718,0,0,1,0,0.0005152000000000001,True,0.0005152000000000001,0.00037489,0,0,0,[],0,0,0,0,0.00037489,1,needs_review,action,False,1,True,,0,0,0,0,pending; see semantic_review.csv,rows.jsonl
full_m06,C11,1,context_dependent,mailex_raw,2026-10-03T00:27:25.086970+00:00,2026-10-03T00:27:33.014313+00:00,7277.030400000513,7275.544000091031,1,2464,712,0,0,1,0,0.012048,True,0.012048,0.012048,0,0,0,[],0,0,0,0,0.012048,1,needs_review,action,False,1,True,,0,0,0,0,pending; see semantic_review.csv,rows.jsonl
prompt_only_m06,C11,1,context_dependent,mailex_raw,2026-10-03T00:27:33.320213+00:00,2026-10-03T00:27:42.946525+00:00,8704.949099803343,8703.111100010574,1,2464,916,0,0,1,0,0.014088,True,0.014088,0.014088,0,0,0,[],0,0,0,0,0.014088,1,needs_review,action,False,1,True,,0,0,0,0,pending; see semantic_review.csv,rows.jsonl
no_thread_m06,C11,1,context_dependent,mailex_raw,2026-10-03T00:27:43.252148+00:00,2026-10-03T00:27:51.457307+00:00,7693.442499963567,7691.961399745196,1,2143,809,0,0,1,0,0.012376,True,0.012376,0.012376,0,0,0,[],0,0,0,0,0.012376,1,needs_review,action,False,2,True,,0,0,0,0,pending; see semantic_review.csv,rows.jsonl
no_repair_m06,C11,1,context_dependent,mailex_raw,2026-10-03T00:27:51.657555+00:00,2026-10-03T00:28:00.148323+00:00,7929.493499919772,7928.59029979445,1,2464,778,0,0,1,0,0.012708,True,0.012708,0.012708,0,0,0,[],0,0,0,0,0.012708,1,needs_review,action,False,1,True,,0,0,0,0,pending; see semantic_review.csv,rows.jsonl
stability_m06,C11,1,context_dependent,mailex_raw,2026-10-03T00:28:00.456465+00:00,2026-10-03T00:28:10.085279+00:00,7374.315799679607,7372.824999736622,1,2464,776,0,0,1,0,0.012688,True,0.012688,0.012688,0,0,0,[],0,0,0,0,0.012688,1,needs_review,action,False,1,True,,0,0,0,0,pending; see semantic_review.csv,rows.jsonl
stability_m01,C11,2,context_dependent,mailex_raw,2026-10-03T00:28:10.390240+00:00,2026-10-03T00:28:15.508877+00:00,4638.41459993273,4637.08580005914,1,1562,382,0,0,1,0,0.0003472,True,0.0003472,0.00020689,0,0,0,[],0,0,0,0,0.00020689,1,needs_review,action,False,1,True,,0,0,0,0,pending; see semantic_review.csv,rows.jsonl
stability_m06,C11,2,context_dependent,mailex_raw,2026-10-03T00:28:15.815641+00:00,2026-10-03T00:28:22.471060+00:00,6041.523600462824,6040.551400277764,1,2464,567,0,0,1,0,0.010598,True,0.010598,0.010598,0,0,0,[],0,0,0,0,0.010598,1,needs_review,action,False,1,True,,0,0,0,0,pending; see semantic_review.csv,rows.jsonl
stability_m01,C11,3,context_dependent,mailex_raw,2026-10-03T00:28:22.778219+00:00,2026-10-03T00:28:28.002827+00:00,4638.7351998128,4636.902999831364,1,1562,396,0,0,1,0,0.0003542,True,0.0003542,0.00021389,0,0,0,[],0,0,0,0,0.00021389,1,needs_review,action,False,1,True,,0,0,0,0,pending; see semantic_review.csv,rows.jsonl
stability_m06,C11,3,context_dependent,mailex_raw,2026-10-03T00:28:28.308413+00:00,2026-10-03T00:28:34.912506+00:00,6099.1573999635875,6097.425699932501,1,2464,604,0,0,1,0,0.010968,True,0.010968,0.010968,0,0,0,[],0,0,0,0,0.010968,1,needs_review,action,False,1,True,,0,0,0,0,pending; see semantic_review.csv,rows.jsonl
full_m01,C02,1,context_dependent,mailex_raw,2026-10-03T00:28:35.108316+00:00,2026-10-03T00:28:40.597030+00:00,4922.309100162238,4920.664799865335,1,1711,444,0,0,1,0,0.0003931,True,0.0003931,0.00030746,0,0,0,[],0,0,0,0,0.00030746,1,action,action,True,1,True,,0,0,0,0,pending; see semantic_review.csv,rows.jsonl
prompt_only_m01,C02,1,context_dependent,mailex_raw,2026-10-03T00:28:41.005289+00:00,2026-10-03T00:28:46.229909+00:00,4712.810799945146,4710.911600152031,1,1711,497,0,0,1,0,0.0004196,True,0.0004196,0.00026588,0,0,0,[],0,0,0,0,0.00026588,1,action,action,True,1,True,,0,0,0,0,pending; see semantic_review.csv,rows.jsonl
no_thread_m01,C02,1,context_dependent,mailex_raw,2026-10-03T00:28:46.535179+00:00,2026-10-03T00:28:49.746208+00:00,2802.764799911529,2800.9025999344885,1,1306,244,0,0,1,0,0.0002526,True,0.0002526,0.000156835,0,0,0,[],0,0,0,0,0.000156835,1,action,needs_review,False,0,True,,0,0,0,0,pending; see semantic_review.csv,rows.jsonl
no_repair_m01,C02,1,context_dependent,mailex_raw,2026-10-03T00:28:50.005481+00:00,2026-10-03T00:28:54.319563+00:00,3961.8095997720957,3959.669099887833,1,1711,367,0,0,1,0,0.0003546,True,0.0003546,0.00020088,0,0,0,[],0,0,0,0,0.00020088,1,action,action,True,1,True,,0,0,0,0,pending; see semantic_review.csv,rows.jsonl
full_m06,C02,1,context_dependent,mailex_raw,2026-10-03T00:28:54.624665+00:00,2026-10-03T00:28:57.814467+00:00,2834.7911001183093,2832.8735001850873,1,2680,250,0,0,1,0,0.00786,True,0.00786,0.00786,0,0,0,[],0,0,0,0,0.00786,1,action,action,True,1,True,,0,0,0,0,pending; see semantic_review.csv,rows.jsonl
prompt_only_m06,C02,1,context_dependent,mailex_raw,2026-10-03T00:28:57.952573+00:00,2026-10-03T00:29:01.070468+00:00,2873.4624998178333,2872.1891997847706,1,2680,246,0,0,1,0,0.00782,True,0.00782,0.00782,0,0,0,[],0,0,0,0,0.00782,1,action,action,True,1,True,,0,0,0,0,pending; see semantic_review.csv,rows.jsonl
no_thread_m06,C02,1,context_dependent,mailex_raw,2026-10-03T00:29:01.384970+00:00,2026-10-03T00:29:04.937198+00:00,3134.347400162369,3132.746900198981,1,2032,173,0,0,1,0,0.005794,True,0.005794,0.005794,0,0,0,[],0,0,0,0,0.005794,1,action,action,True,1,True,,0,0,0,0,pending; see semantic_review.csv,rows.jsonl
no_repair_m06,C02,1,context_dependent,mailex_raw,2026-10-03T00:29:05.122867+00:00,2026-10-03T00:29:08.379687+00:00,2894.212800078094,2892.6198999397457,1,2680,253,0,0,1,0,0.00789,True,0.00789,0.00789,0,0,0,[],0,0,0,0,0.00789,1,action,action,True,1,True,,0,0,0,0,pending; see semantic_review.csv,rows.jsonl
full_m01,C03,1,context_dependent,mailex_raw,2026-10-03T00:29:08.524251+00:00,2026-10-03T00:29:11.318423+00:00,2422.048900043592,2420.068599982187,1,1392,182,0,0,1,0,0.00023019999999999998,True,0.00023019999999999998,0.000136585,0,0,0,[],0,0,0,0,0.000136585,1,action,action,True,1,True,,0,0,0,0,pending; see semantic_review.csv,rows.jsonl
prompt_only_m01,C03,1,context_dependent,mailex_raw,2026-10-03T00:29:11.622937+00:00,2026-10-03T00:29:15.721247+00:00,3484.4629999715835,3482.7643998432904,1,1392,302,0,0,1,0,0.0002902,True,0.0002902,0.00016519,0,0,0,[],0,0,0,0,0.00016519,1,action,action,True,1,True,,0,0,0,0,pending; see semantic_review.csv,rows.jsonl
no_thread_m01,C03,1,context_dependent,mailex_raw,2026-10-03T00:29:15.924528+00:00,2026-10-03T00:29:18.954660+00:00,2623.675299808383,2621.6031999792904,1,1317,208,0,0,1,0,0.00023569999999999998,True,0.00023569999999999998,0.00014021,0,0,0,[],0,0,0,0,0.00014021,1,action,action,True,1,True,,0,0,0,0,pending; see semantic_review.csv,rows.jsonl
no_repair_m01,C03,1,context_dependent,mailex_raw,2026-10-03T00:29:19.198731+00:00,2026-10-03T00:29:22.365761+00:00,2836.1591997090727,2834.537999937311,1,1392,199,0,0,1,0,0.0002387,True,0.0002387,0.00011369,0,0,0,[],0,0,0,0,0.00011369,1,action,action,True,1,True,,0,0,0,0,pending; see semantic_review.csv,rows.jsonl
full_m06,C03,1,context_dependent,mailex_raw,2026-10-03T00:29:22.517937+00:00,2026-10-03T00:29:25.277040+00:00,2490.0634000077844,2488.876499934122,1,2182,166,0,0,1,0,0.006024,True,0.006024,0.006024,0,0,0,[],0,0,0,0,0.006024,1,action,action,True,1,True,,0,0,0,0,pending; see semantic_review.csv,rows.jsonl
prompt_only_m06,C03,1,context_dependent,mailex_raw,2026-10-03T00:29:25.436169+00:00,2026-10-03T00:29:28.626590+00:00,2685.8808000106364,2684.3133000656962,1,2182,217,0,0,1,0,0.006534,True,0.006534,0.006534,0,0,0,[],0,0,0,0,0.006534,1,action,action,True,1,True,,0,0,0,0,pending; see semantic_review.csv,rows.jsonl
no_thread_m06,C03,1,context_dependent,mailex_raw,2026-10-03T00:29:28.746693+00:00,2026-10-03T00:29:31.693240+00:00,2504.281299887225,2503.4253001213074,1,2050,167,0,0,1,0,0.00577,True,0.00577,0.00577,0,0,0,[],0,0,0,0,0.00577,1,action,action,True,1,True,,0,0,0,0,pending; see semantic_review.csv,rows.jsonl
no_repair_m06,C03,1,context_dependent,mailex_raw,2026-10-03T00:29:32.002360+00:00,2026-10-03T00:29:35.083962+00:00,2646.6239001601934,2644.4076001644135,1,2182,176,0,0,1,0,0.006124,True,0.006124,0.006124,0,0,0,[],0,0,0,0,0.006124,1,action,action,True,1,True,,0,0,0,0,pending; see semantic_review.csv,rows.jsonl
full_m01,C04,1,context_dependent,mailex_raw,2026-10-03T00:29:35.583427+00:00,2026-10-03T00:29:42.652595+00:00,6295.855599921197,6294.782299781218,1,1676,644,0,0,1,0,0.0004896,True,0.0004896,0.000403085,0,0,0,[],0,0,0,0,0.000403085,1,no_action,no_action,True,0,True,,0,0,0,0,pending; see semantic_review.csv,rows.jsonl
prompt_only_m01,C04,1,context_dependent,mailex_raw,2026-10-03T00:29:42.961704+00:00,2026-10-03T00:29:48.487526+00:00,4865.096700144932,4863.876899937168,1,1676,420,0,0,1,0,0.0003776,True,0.0003776,0.00022703,0,0,0,[],0,0,0,0,0.00022703,1,no_action,no_action,True,0,True,,0,0,0,0,pending; see semantic_review.csv,rows.jsonl
no_thread_m01,C04,1,context_dependent,mailex_raw,2026-10-03T00:29:48.741760+00:00,2026-10-03T00:29:52.836352+00:00,3696.005699923262,3694.420199841261,1,1381,200,0,0,1,0,0.0002381,True,0.0002381,0.00014421,0,0,0,[],0,0,0,0,0.00014421,1,no_action,no_action,True,0,True,,0,0,0,0,pending; see semantic_review.csv,rows.jsonl
no_repair_m01,C04,1,context_dependent,mailex_raw,2026-10-03T00:29:53.298128+00:00,2026-10-03T00:29:58.828922+00:00,5017.876499798149,5016.84179995209,1,1676,446,0,0,1,0,0.0003906,True,0.0003906,0.00024003,0,0,0,[],0,0,0,0,0.00024003,1,no_action,no_action,True,0,True,,0,0,0,0,pending; see semantic_review.csv,rows.jsonl
full_m06,C04,1,context_dependent,mailex_raw,2026-10-03T00:29:59.136351+00:00,2026-10-03T00:30:02.311768+00:00,2552.0603999029845,2550.003800075501,1,2621,134,0,0,1,0,0.006582,True,0.006582,0.006582,0,0,0,[],0,0,0,0,0.006582,1,no_action,no_action,True,0,True,,0,0,0,0,pending; see semantic_review.csv,rows.jsonl
prompt_only_m06,C04,1,context_dependent,mailex_raw,2026-10-03T00:30:02.616712+00:00,2026-10-03T00:30:05.997989+00:00,2661.345000145957,2659.8855000920594,1,2621,147,0,0,1,0,0.006712,True,0.006712,0.006712,0,0,0,[],0,0,0,0,0.006712,1,no_action,no_action,True,0,True,,0,0,0,0,pending; see semantic_review.csv,rows.jsonl
no_thread_m06,C04,1,context_dependent,mailex_raw,2026-10-03T00:30:06.405788+00:00,2026-10-03T00:30:09.057371+00:00,2383.293499937281,2381.990799913183,1,2131,124,0,0,1,0,0.005502,True,0.005502,0.005502,0,0,0,[],0,0,0,0,0.005502,1,no_action,no_action,True,0,True,,0,0,0,0,pending; see semantic_review.csv,rows.jsonl
no_repair_m06,C04,1,context_dependent,mailex_raw,2026-10-03T00:30:09.182245+00:00,2026-10-03T00:30:11.935976+00:00,2452.3597999941558,2451.4405999798328,1,2621,138,0,0,1,0,0.006622,True,0.006622,0.006622,0,0,0,[],0,0,0,0,0.006622,1,no_action,no_action,True,0,True,,0,0,0,0,pending; see semantic_review.csv,rows.jsonl
full_m01,C13,1,context_dependent,mailex_raw,2026-10-03T00:30:12.242066+00:00,2026-10-03T00:30:16.955649+00:00,4098.146500065923,4096.187600167468,1,1752,298,0,0,1,0,0.00032419999999999997,True,0.00032419999999999997,0.000239585,0,0,0,[],0,0,0,0,0.000239585,1,needs_review,needs_review,True,0,True,,0,0,0,0,pending; see semantic_review.csv,rows.jsonl
prompt_only_m01,C13,1,context_dependent,mailex_raw,2026-10-03T00:30:17.361998+00:00,2026-10-03T00:30:20.414194+00:00,2523.807200137526,2522.3409000318497,1,1752,214,0,0,1,0,0.0002822,True,0.0002822,0.00012479,0,0,0,[],0,0,0,0,0.00012479,1,needs_review,needs_review,True,0,True,,0,0,0,0,pending; see semantic_review.csv,rows.jsonl
no_thread_m01,C13,1,context_dependent,mailex_raw,2026-10-03T00:30:20.563986+00:00,2026-10-03T00:30:23.160358+00:00,2382.040499942377,2380.835800198838,1,1465,181,0,0,1,0,0.000237,True,0.000237,0.00014521,0,0,0,[],0,0,0,0,0.00014521,1,needs_review,needs_review,True,0,True,,0,0,0,0,pending; see semantic_review.csv,rows.jsonl
no_repair_m01,C13,1,context_dependent,mailex_raw,2026-10-03T00:30:23.287652+00:00,2026-10-03T00:30:27.295911+00:00,3578.0549000483006,3576.770800165832,1,1752,234,0,0,1,0,0.0002922,True,0.0002922,0.00013479,0,0,0,[],0,0,0,0,0.00013479,1,needs_review,needs_review,True,0,True,,0,0,0,0,pending; see semantic_review.csv,rows.jsonl
full_m06,C13,1,context_dependent,mailex_raw,2026-10-03T00:30:27.500547+00:00,2026-10-03T00:30:33.339435+00:00,5262.217300012708,5260.652600089088,1,2727,420,0,0,1,0,0.009654,True,0.009654,0.009654,0,0,0,[],0,0,0,0,0.009654,1,needs_review,needs_review,True,0,True,,0,0,0,0,pending; see semantic_review.csv,rows.jsonl
prompt_only_m06,C13,1,context_dependent,mailex_raw,2026-10-03T00:30:33.644423+00:00,2026-10-03T00:30:38.764038+00:00,4404.463000129908,4403.432999970391,1,2727,351,0,0,1,0,0.008964,True,0.008964,0.008964,0,0,0,[],0,0,0,0,0.008964,1,needs_review,needs_review,True,0,True,,0,0,0,0,pending; see semantic_review.csv,rows.jsonl
no_thread_m06,C13,1,context_dependent,mailex_raw,2026-10-03T00:30:39.070786+00:00,2026-10-03T00:30:48.082758+00:00,8402.875199913979,8401.96739998646,1,2256,811,0,0,1,0,0.012622,True,0.012622,0.012622,0,0,0,[],0,0,0,0,0.012622,1,needs_review,action,False,1,True,,0,0,0,0,pending; see semantic_review.csv,rows.jsonl
no_repair_m06,C13,1,context_dependent,mailex_raw,2026-10-03T00:30:48.389864+00:00,2026-10-03T00:30:55.048423+00:00,6397.717799758539,6396.050199633464,1,2727,435,0,0,1,0,0.009804,True,0.009804,0.009804,0,0,0,[],0,0,0,0,0.009804,1,needs_review,needs_review,True,0,True,,0,0,0,0,pending; see semantic_review.csv,rows.jsonl
full_m01,C06,1,context_dependent,mailex_raw,2026-10-03T00:30:55.208366+00:00,2026-10-03T00:31:00.062760+00:00,4552.738699829206,4550.938300089911,1,1635,390,0,0,1,0,0.0003585,True,0.0003585,0.00027096,0,0,0,[],0,0,0,0,0.00027096,1,action,action,True,1,True,,0,0,0,0,pending; see semantic_review.csv,rows.jsonl
prompt_only_m01,C06,1,context_dependent,mailex_raw,2026-10-03T00:31:00.370363+00:00,2026-10-03T00:31:03.944088+00:00,3142.2852999530733,3141.1516999360174,1,1635,275,0,0,1,0,0.000301,True,0.000301,0.00015412,0,0,0,[],0,0,0,0,0.00015412,1,action,action,True,1,True,,0,0,0,0,pending; see semantic_review.csv,rows.jsonl
no_thread_m01,C06,1,context_dependent,mailex_raw,2026-10-03T00:31:04.365194+00:00,2026-10-03T00:31:08.694842+00:00,3859.7579998895526,3858.3418000489473,1,1311,169,0,0,1,0,0.00021559999999999998,True,0.00021559999999999998,0.00011996,0,0,0,[],0,0,0,0,0.00011996,1,action,action,True,1,True,,0,0,0,0,pending; see semantic_review.csv,rows.jsonl
no_repair_m01,C06,1,context_dependent,mailex_raw,2026-10-03T00:31:08.832702+00:00,2026-10-03T00:31:12.864079+00:00,3503.1702001579106,3501.7947999294847,1,1635,326,0,0,1,0,0.0003265,True,0.0003265,0.00017962,0,0,0,[],0,0,0,0,0.00017962,1,action,action,True,1,True,,0,0,0,0,pending; see semantic_review.csv,rows.jsonl
full_m06,C06,1,context_dependent,mailex_raw,2026-10-03T00:31:13.272078+00:00,2026-10-03T00:31:16.710676+00:00,3030.147399753332,3028.5402997396886,1,2568,236,0,0,1,0,0.007496,True,0.007496,0.007496,0,0,0,[],0,0,0,0,0.007496,1,action,action,True,1,True,,0,0,0,0,pending; see semantic_review.csv,rows.jsonl
prompt_only_m06,C06,1,context_dependent,mailex_raw,2026-10-03T00:31:16.858178+00:00,2026-10-03T00:31:19.942265+00:00,2807.230800157413,2806.42840010114,1,2568,233,0,0,1,0,0.007466,True,0.007466,0.007466,0,0,0,[],0,0,0,0,0.007466,1,action,action,True,1,True,,0,0,0,0,pending; see semantic_review.csv,rows.jsonl
no_thread_m06,C06,1,context_dependent,mailex_raw,2026-10-03T00:31:20.131669+00:00,2026-10-03T00:31:25.699492+00:00,5162.711700191721,5161.545099923387,1,2061,455,0,0,1,0,0.008672,True,0.008672,0.008672,0,0,0,[],0,0,0,0,0.008672,1,action,action,True,1,True,,0,0,0,0,pending; see semantic_review.csv,rows.jsonl
no_repair_m06,C06,1,context_dependent,mailex_raw,2026-10-03T00:31:25.844168+00:00,2026-10-03T00:31:29.090218+00:00,2868.88279998675,2867.3829999752343,1,2568,243,0,0,1,0,0.007566,True,0.007566,0.007566,0,0,0,[],0,0,0,0,0.007566,1,action,action,True,1,True,,0,0,0,0,pending; see semantic_review.csv,rows.jsonl
full_m01,C12,1,context_dependent,mailex_raw,2026-10-03T00:31:29.657411+00:00,2026-10-03T00:31:39.357751+00:00,8466.912899864838,8463.943799957633,2,3341,681,0,0,2,0,0.0006746,True,0.0006746,0.000501295,0,5797.138100024313,0.000351335,"[{""stage"": ""extraction"", ""initial_error"": ""Explanation must cite available original text"", ""quote_diagnostics"": [], ""attempted"": true, ""outcome"": ""validated""}]",1,0,0,0,0.000501295,2,needs_review,needs_review,True,0,True,,1,0,0,0,pending; see semantic_review.csv,rows.jsonl
prompt_only_m01,C12,1,context_dependent,mailex_raw,2026-10-03T00:31:39.590089+00:00,2026-10-03T00:31:43.277065+00:00,2970.265200128779,2968.8298001419753,1,1595,222,0,0,1,0,0.0002705,True,0.0002705,0.00012722,0,0,0,[],0,0,0,0,0.00012722,1,needs_review,needs_review,True,0,True,,0,0,0,0,pending; see semantic_review.csv,rows.jsonl
no_thread_m01,C12,1,context_dependent,mailex_raw,2026-10-03T00:31:43.582029+00:00,2026-10-03T00:31:49.216262+00:00,4536.757000023499,4534.673200221732,2,2703,292,0,0,2,0,0.0004163,True,0.0004163,0.000227045,0,3033.5857002064586,0.000158835,"[{""stage"": ""extraction"", ""initial_error"": ""Explanation must cite available original text"", ""quote_diagnostics"": [], ""attempted"": true, ""outcome"": ""validated""}]",1,0,0,0,0.000227045,2,needs_review,needs_review,True,0,True,,1,0,0,0,pending; see semantic_review.csv,rows.jsonl
no_repair_m01,C12,1,context_dependent,mailex_raw,2026-10-03T00:31:49.523075+00:00,2026-10-03T00:31:53.648721+00:00,3716.65670000948,3714.2164001706988,1,1595,226,0,0,1,0,0.0002725,True,0.0002725,0.00012922,0,0,0,"[{""stage"": ""extraction"", ""initial_error"": ""Explanation must cite available original text"", ""quote_diagnostics"": [], ""attempted"": false, ""outcome"": ""skipped_retry_budget""}]",0,0,1,0,0.00012922,1,needs_review,needs_review,True,0,True,,0,0,0,1,pending; see semantic_review.csv,rows.jsonl
full_m06,C12,1,context_dependent,mailex_raw,2026-10-03T00:31:53.811476+00:00,2026-10-03T00:32:04.945955+00:00,10665.29309982434,10660.095099825412,2,5475,972,0,0,2,0,0.02067,True,0.02067,0.02067,0,6852.898400044069,0.01362,"[{""stage"": ""extraction"", ""initial_error"": ""Evidence quote is absent from source: body"", ""quote_diagnostics"": [{""source_id"": ""body"", ""model_quote"": ""CHASE - READY TO EXECUTE ASAP!"", ""candidates"": []}], ""attempted"": true, ""outcome"": ""validated""}]",1,0,0,1,0.02067,2,needs_review,needs_review,True,0,True,,1,0,0,0,pending; see semantic_review.csv,rows.jsonl
prompt_only_m06,C12,1,context_dependent,mailex_raw,2026-10-03T00:32:05.100453+00:00,2026-10-03T00:32:08.149524+00:00,2793.798899743706,2791.6373999323696,1,2505,180,0,0,1,0,0.00681,True,0.00681,0.00681,0,0,0,[],0,0,0,0,0.00681,1,needs_review,needs_review,True,0,True,,0,0,0,1,pending; see semantic_review.csv,rows.jsonl
no_thread_m06,C12,1,context_dependent,mailex_raw,2026-10-03T00:32:08.299931+00:00,2026-10-03T00:32:14.053793+00:00,4917.065599933267,4915.140900062397,2,4407,215,0,0,2,0,0.010964,True,0.010964,0.010964,0,2417.2162001486868,0.005724,"[{""stage"": ""extraction"", ""initial_error"": ""Evidence quote is absent from source: body"", ""quote_diagnostics"": [{""source_id"": ""body"", ""model_quote"": ""CHASE - READY TO EXECUTE ASAP!"", ""candidates"": []}], ""attempted"": true, ""outcome"": ""validation_failure"", ""final_error"": ""Explanation must cite available original text""}]",0,1,0,1,0.010964,2,needs_review,needs_review,True,0,True,,1,0,0,1,pending; see semantic_review.csv,rows.jsonl
no_repair_m06,C12,1,context_dependent,mailex_raw,2026-10-03T00:32:14.197165+00:00,2026-10-03T00:32:17.380574+00:00,2792.077499907464,2786.493099993095,1,2505,190,0,0,1,0,0.00691,True,0.00691,0.00691,0,0,0,"[{""stage"": ""extraction"", ""initial_error"": ""Evidence quote is absent from source: body"", ""quote_diagnostics"": [{""source_id"": ""body"", ""model_quote"": ""CHASE - READY TO EXECUTE ASAP!"", ""candidates"": []}], ""attempted"": false, ""outcome"": ""skipped_retry_budget""}]",0,0,1,1,0.00691,1,needs_review,needs_review,True,0,True,,0,0,0,1,pending; see semantic_review.csv,rows.jsonl
full_m01,C08,1,context_dependent,mailex_raw,2026-10-03T00:32:17.682256+00:00,2026-10-03T00:32:23.828804+00:00,5531.287199817598,5528.996600070968,1,1440,461,0,0,1,0,0.0003745,True,0.0003745,0.000282085,0,0,0,[],0,0,0,0,0.000282085,1,action,action,True,1,True,,0,0,0,0,pending; see semantic_review.csv,rows.jsonl
prompt_only_m01,C08,1,context_dependent,mailex_raw,2026-10-03T00:32:24.338120+00:00,2026-10-03T00:32:30.868264+00:00,5656.891299877316,5655.685699777678,1,1440,356,0,0,1,0,0.000322,True,0.000322,0.00019267,0,0,0,[],0,0,0,0,0.00019267,1,action,action,True,1,True,,0,0,0,0,pending; see semantic_review.csv,rows.jsonl
no_thread_m01,C08,1,context_dependent,mailex_raw,2026-10-03T00:32:31.107426+00:00,2026-10-03T00:32:38.980273+00:00,7272.118299966678,7271.0768999531865,1,1318,357,0,0,1,0,0.00031029999999999995,True,0.00031029999999999995,0.000214835,0,0,0,[],0,0,0,0,0.000214835,1,action,action,True,1,True,,0,0,0,0,pending; see semantic_review.csv,rows.jsonl
no_repair_m01,C08,1,context_dependent,mailex_raw,2026-10-03T00:32:39.288995+00:00,2026-10-03T00:32:44.818057+00:00,5018.773199990392,5017.300500068814,1,1440,374,0,0,1,0,0.000331,True,0.000331,0.00020167,0,0,0,[],0,0,0,0,0.00020167,1,action,action,True,1,True,,0,0,0,0,pending; see semantic_review.csv,rows.jsonl
full_m06,C08,1,context_dependent,mailex_raw,2026-10-03T00:32:45.000624+00:00,2026-10-03T00:32:51.166763+00:00,5325.772600015625,5324.399899924174,1,2269,395,0,0,1,0,0.008488,True,0.008488,0.008488,0,0,0,[],0,0,0,0,0.008488,1,action,action,True,1,True,,0,0,0,0,pending; see semantic_review.csv,rows.jsonl
prompt_only_m06,C08,1,context_dependent,mailex_raw,2026-10-03T00:32:51.391033+00:00,2026-10-03T00:32:57.264941+00:00,5429.483299842104,5427.442799787968,1,2269,492,0,0,1,0,0.009458,True,0.009458,0.009458,0,0,0,[],0,0,0,0,0.009458,1,action,action,True,1,True,,0,0,0,0,pending; see semantic_review.csv,rows.jsonl
no_thread_m06,C08,1,context_dependent,mailex_raw,2026-10-03T00:32:57.515182+00:00,2026-10-03T00:33:02.637421+00:00,4507.77419982478,4505.90579980053,1,2060,376,0,0,1,0,0.00788,True,0.00788,0.00788,0,0,0,[],0,0,0,0,0.00788,1,action,action,True,1,True,,0,0,0,0,pending; see semantic_review.csv,rows.jsonl
no_repair_m06,C08,1,context_dependent,mailex_raw,2026-10-03T00:33:02.852029+00:00,2026-10-03T00:33:09.600342+00:00,6415.611800272018,6414.461800130084,1,2269,482,0,0,1,0,0.009358,True,0.009358,0.009358,0,0,0,[],0,0,0,0,0.009358,1,action,action,True,1,True,,0,0,0,0,pending; see semantic_review.csv,rows.jsonl
full_m01,C09,1,context_dependent,mailex_raw,2026-10-03T00:33:09.906760+00:00,2026-10-03T00:33:15.493478+00:00,5113.189000170678,5110.676600364968,1,1613,425,0,0,1,0,0.0003738,True,0.0003738,0.00028571,0,0,0,[],0,0,0,0,0.00028571,1,action,action,True,1,True,,0,0,0,0,pending; see semantic_review.csv,rows.jsonl
prompt_only_m01,C09,1,context_dependent,mailex_raw,2026-10-03T00:33:15.844840+00:00,2026-10-03T00:33:22.706180+00:00,6247.364200185984,6246.240200242028,1,1613,368,0,0,1,0,0.00034529999999999994,True,0.00034529999999999994,0.0002004,0,0,0,[],0,0,0,0,0.0002004,1,action,action,True,1,True,,0,0,0,0,pending; see semantic_review.csv,rows.jsonl
no_thread_m01,C09,1,context_dependent,mailex_raw,2026-10-03T00:33:23.012685+00:00,2026-10-03T00:33:29.260600+00:00,5634.485500166193,5633.227900136262,1,1301,531,0,0,1,0,0.0003956,True,0.0003956,0.00029971,0,0,0,[],0,0,0,0,0.00029971,1,action,needs_review,False,0,True,,0,0,0,0,pending; see semantic_review.csv,rows.jsonl
no_repair_m01,C09,1,context_dependent,mailex_raw,2026-10-03T00:33:29.565012+00:00,2026-10-03T00:33:34.687013+00:00,4507.862100144848,4506.538200192153,1,1613,362,0,0,1,0,0.00034229999999999997,True,0.00034229999999999997,0.0001974,0,0,0,[],0,0,0,0,0.0001974,1,action,action,True,1,True,,0,0,0,0,pending; see semantic_review.csv,rows.jsonl
full_m06,C09,1,context_dependent,mailex_raw,2026-10-03T00:33:34.946209+00:00,2026-10-03T00:33:38.578315+00:00,3175.4462998360395,3173.656400060281,1,2572,268,0,0,1,0,0.007824,True,0.007824,0.007824,0,0,0,[],0,0,0,0,0.007824,1,action,action,True,1,True,,0,0,0,0,pending; see semantic_review.csv,rows.jsonl
prompt_only_m06,C09,1,context_dependent,mailex_raw,2026-10-03T00:33:38.884085+00:00,2026-10-03T00:33:43.391822+00:00,3999.7124997898936,3998.406799742952,1,2572,260,0,0,1,0,0.007744,True,0.007744,0.007744,0,0,0,[],0,0,0,0,0.007744,1,action,action,True,1,True,,0,0,0,0,pending; see semantic_review.csv,rows.jsonl
no_thread_m06,C09,1,context_dependent,mailex_raw,2026-10-03T00:33:43.697057+00:00,2026-10-03T00:33:49.125985+00:00,4813.239800045267,4811.898799845949,1,2050,414,0,0,1,0,0.00824,True,0.00824,0.00824,0,0,0,[],0,0,0,0,0.00824,1,action,action,True,1,True,,0,0,0,0,pending; see semantic_review.csv,rows.jsonl
no_repair_m06,C09,1,context_dependent,mailex_raw,2026-10-03T00:33:49.431642+00:00,2026-10-03T00:33:53.117142+00:00,3172.7877999655902,3171.4143997523934,1,2572,251,0,0,1,0,0.007654,True,0.007654,0.007654,0,0,0,[],0,0,0,0,0.007654,1,action,action,True,1,True,,0,0,0,0,pending; see semantic_review.csv,rows.jsonl
full_m01,C10,1,context_dependent,mailex_raw,2026-10-03T00:33:53.424963+00:00,2026-10-03T00:33:59.775725+00:00,5840.0158998556435,5837.724099867046,1,1506,547,0,0,1,0,0.0004241,True,0.0004241,0.000333335,0,0,0,[],0,0,0,0,0.000333335,1,action,action,True,1,True,,0,0,0,0,pending; see semantic_review.csv,rows.jsonl
prompt_only_m01,C10,1,context_dependent,mailex_raw,2026-10-03T00:34:00.091415+00:00,2026-10-03T00:34:07.045918+00:00,6382.99970026128,6381.491699954495,1,1506,639,0,0,1,0,0.00047010000000000004,True,0.00047010000000000004,0.00033483,0,0,0,[],0,0,0,0,0.00033483,1,action,action,True,1,True,,0,0,0,0,pending; see semantic_review.csv,rows.jsonl
no_thread_m01,C10,1,context_dependent,mailex_raw,2026-10-03T00:34:07.271067+00:00,2026-10-03T00:34:12.676399+00:00,4816.983900265768,4811.414000112563,1,1318,361,0,0,1,0,0.00031229999999999995,True,0.00031229999999999995,0.000216835,0,0,0,[],0,0,0,0,0.000216835,1,action,action,True,1,True,,0,0,0,0,pending; see semantic_review.csv,rows.jsonl
no_repair_m01,C10,1,context_dependent,mailex_raw,2026-10-03T00:34:12.982777+00:00,2026-10-03T00:34:22.098609+00:00,8404.724800027907,8402.761700097471,1,1506,808,0,0,1,0,0.0005546,True,0.0005546,0.00041933,0,0,0,[],0,0,0,0,0.00041933,1,action,action,True,1,True,,0,0,0,0,pending; see semantic_review.csv,rows.jsonl
full_m06,C10,1,context_dependent,mailex_raw,2026-10-03T00:34:22.403693+00:00,2026-10-03T00:34:30.493261+00:00,7372.299800161272,7371.399200288579,1,2366,807,0,0,1,0,0.012802,True,0.012802,0.012802,0,0,0,[],0,0,0,0,0.012802,1,action,action,True,1,True,,0,0,0,0,pending; see semantic_review.csv,rows.jsonl
prompt_only_m06,C10,1,context_dependent,mailex_raw,2026-10-03T00:34:30.800458+00:00,2026-10-03T00:34:34.282783+00:00,2970.0086002703756,2968.982100021094,1,2366,183,0,0,1,0,0.006562,True,0.006562,0.006562,0,0,0,[],0,0,0,0,0.006562,1,action,needs_review,False,0,True,,0,0,0,0,pending; see semantic_review.csv,rows.jsonl
no_thread_m06,C10,1,context_dependent,mailex_raw,2026-10-03T00:34:34.590150+00:00,2026-10-03T00:34:40.632987+00:00,5537.580199772492,5535.366999916732,1,2059,456,0,0,1,0,0.008678,True,0.008678,0.008678,0,0,0,[],0,0,0,0,0.008678,1,action,needs_review,False,0,True,,0,0,0,0,pending; see semantic_review.csv,rows.jsonl
no_repair_m06,C10,1,context_dependent,mailex_raw,2026-10-03T00:34:40.938224+00:00,2026-10-03T00:34:44.524237+00:00,2944.9596002232283,2942.7107002120465,1,2366,207,0,0,1,0,0.006802,True,0.006802,0.006802,0,0,0,[],0,0,0,0,0.006802,1,action,needs_review,False,0,True,,0,0,0,0,pending; see semantic_review.csv,rows.jsonl
full_m01,E01,1,external_content,authored,2026-10-03T00:34:44.828963+00:00,2026-10-03T00:34:50.942014+00:00,5242.931899614632,5239.777699578553,2,2139,322,0,0,2,0,0.00037489999999999995,True,0.00037489999999999995,0.00028141,0,0,0,[],0,0,0,0,0.00028141,2,action,action,True,1,True,,0,1,0,0,pending; see semantic_review.csv,rows.jsonl
prompt_only_m01,E01,1,external_content,authored,2026-10-03T00:34:51.095921+00:00,2026-10-03T00:34:53.891893+00:00,2500.372900394723,2498.263600282371,1,1339,105,0,0,1,0,0.00018639999999999998,True,0.00018639999999999998,9.146e-05,0,0,0,[],0,0,0,0,9.146e-05,1,action,needs_review,False,0,True,,0,0,0,0,pending; see semantic_review.csv,rows.jsonl
no_external_m01,E01,1,external_content,authored,2026-10-03T00:34:54.031581+00:00,2026-10-03T00:34:57.054921+00:00,2766.0273001529276,2764.0664000064135,1,1339,109,0,0,1,0,0.00018839999999999997,True,0.00018839999999999997,6.816e-05,0,0,0,[],0,0,0,0,6.816e-05,1,action,needs_review,False,0,True,,0,0,0,0,pending; see semantic_review.csv,rows.jsonl
read_all_m01,E01,1,external_content,authored,2026-10-03T00:34:57.219718+00:00,2026-10-03T00:35:00.670080+00:00,3214.683899888769,3212.5566999893636,1,1390,211,0,0,1,0,0.0002445,True,0.0002445,0.000150835,0,0,0,[],0,0,0,0,0.000150835,1,action,action,True,1,True,,0,1,0,0,pending; see semantic_review.csv,rows.jsonl
no_repair_m01,E01,1,external_content,authored,2026-10-03T00:35:00.846870+00:00,2026-10-03T00:35:07.480529+00:00,6120.879500173032,6118.256900226697,2,2139,338,0,0,2,0,0.0003829,True,0.0003829,0.00028941000000000004,0,0,0,[],0,0,0,0,0.00028941000000000004,2,action,action,True,1,True,,0,1,0,0,pending; see semantic_review.csv,rows.jsonl
stability_m01,E01,1,external_content,authored,2026-10-03T00:35:07.633532+00:00,2026-10-03T00:35:12.630656+00:00,4248.687400016934,4245.730200316757,2,2139,277,0,0,2,0,0.0003524,True,0.0003524,0.00025891,0,0,0,[],0,0,0,0,0.00025891,2,action,action,True,1,True,,0,1,0,0,pending; see semantic_review.csv,rows.jsonl
full_m06,E01,1,external_content,authored,2026-10-03T00:35:12.802640+00:00,2026-10-03T00:35:18.540221+00:00,5230.207700049505,5227.250500116497,2,3385,378,0,0,2,0,0.01055,True,0.01055,0.01055,0,0,0,[],0,0,0,0,0.01055,2,action,action,True,1,True,,0,1,0,0,pending; see semantic_review.csv,rows.jsonl
prompt_only_m06,E01,1,external_content,authored,2026-10-03T00:35:18.712168+00:00,2026-10-03T00:35:21.150721+00:00,2185.666099889204,2184.411999769509,1,2095,116,0,0,1,0,0.00535,True,0.00535,0.00535,0,0,0,[],0,0,0,0,0.00535,1,action,needs_review,False,0,True,,0,0,0,0,pending; see semantic_review.csv,rows.jsonl
no_external_m06,E01,1,external_content,authored,2026-10-03T00:35:21.304236+00:00,2026-10-03T00:35:23.746626+00:00,2209.531300002709,2208.3137000445276,1,2095,116,0,0,1,0,0.00535,True,0.00535,0.00535,0,0,0,[],0,0,0,0,0.00535,1,action,needs_review,False,0,True,,0,0,0,0,pending; see semantic_review.csv,rows.jsonl
read_all_m06,E01,1,external_content,authored,2026-10-03T00:35:23.943899+00:00,2026-10-03T00:35:27.613040+00:00,3163.5778001509607,3162.1441000606865,1,2174,266,0,0,1,0,0.007008,True,0.007008,0.007008,0,0,0,[],0,0,0,0,0.007008,1,action,action,True,1,True,,0,1,0,0,pending; see semantic_review.csv,rows.jsonl
no_repair_m06,E01,1,external_content,authored,2026-10-03T00:35:27.903314+00:00,2026-10-03T00:35:34.188577+00:00,5173.936399864033,5170.812499709427,2,3379,374,0,0,2,0,0.010498,True,0.010498,0.010498,0,0,0,[],0,0,0,0,0.010498,2,action,action,True,1,True,,0,1,0,0,pending; see semantic_review.csv,rows.jsonl
stability_m06,E01,1,external_content,authored,2026-10-03T00:35:34.492211+00:00,2026-10-03T00:35:40.333000+00:00,5198.863699799404,5196.031400002539,2,3377,370,0,0,2,0,0.010454,True,0.010454,0.010454,0,0,0,[],0,0,0,0,0.010454,2,action,action,True,1,True,,0,1,0,0,pending; see semantic_review.csv,rows.jsonl
stability_m01,E01,2,external_content,authored,2026-10-03T00:35:40.486662+00:00,2026-10-03T00:35:47.692735+00:00,6632.311700377613,6630.274300463498,2,2139,315,0,0,2,0,0.0003714,True,0.0003714,0.00027791000000000003,0,0,0,[],0,0,0,0,0.00027791000000000003,2,action,action,True,1,True,,0,1,0,0,pending; see semantic_review.csv,rows.jsonl
stability_m06,E01,2,external_content,authored,2026-10-03T00:35:47.861311+00:00,2026-10-03T00:35:54.963849+00:00,5591.918799793348,5590.234199771658,2,3372,363,0,0,2,0,0.010374,True,0.010374,0.010374,0,0,0,[],0,0,0,0,0.010374,2,action,action,True,1,True,,0,1,0,0,pending; see semantic_review.csv,rows.jsonl
stability_m01,E01,3,external_content,authored,2026-10-03T00:35:55.207566+00:00,2026-10-03T00:36:01.430225+00:00,5528.39529979974,5525.567899690941,2,2139,281,0,0,2,0,0.0003544,True,0.0003544,0.00022894000000000001,0,0,0,[],0,0,0,0,0.00022894000000000001,2,action,action,True,1,True,,0,1,0,0,pending; see semantic_review.csv,rows.jsonl
stability_m06,E01,3,external_content,authored,2026-10-03T00:36:01.732034+00:00,2026-10-03T00:36:07.465957+00:00,5022.788099711761,5020.333800232038,2,3370,362,0,0,2,0,0.01036,True,0.01036,0.01036,0,0,0,[],0,0,0,0,0.01036,2,action,action,True,1,True,,0,1,0,0,pending; see semantic_review.csv,rows.jsonl
full_m01,E02,1,external_content,authored,2026-10-03T00:36:07.771665+00:00,2026-10-03T00:36:13.313209+00:00,4551.028300309554,4548.157800454646,2,2162,252,0,0,2,0,0.00034219999999999997,True,0.00034219999999999997,0.000249135,0,0,0,[],0,0,0,0,0.000249135,2,action,action,True,1,True,,0,1,0,0,pending; see semantic_review.csv,rows.jsonl
prompt_only_m01,E02,1,external_content,authored,2026-10-03T00:36:13.619395+00:00,2026-10-03T00:36:17.767684+00:00,3585.155399981886,3583.8333999272436,1,1345,115,0,0,1,0,0.000192,True,0.000192,9.721e-05,0,0,0,[],0,0,0,0,9.721e-05,1,action,needs_review,False,0,True,,0,0,0,0,pending; see semantic_review.csv,rows.jsonl
no_external_m01,E02,1,external_content,authored,2026-10-03T00:36:18.217904+00:00,2026-10-03T00:36:22.124809+00:00,3372.399599989876,3370.6923997960985,1,1345,96,0,0,1,0,0.0001825,True,0.0001825,6.172e-05,0,0,0,[],0,0,0,0,6.172e-05,1,action,needs_review,False,0,True,,0,0,0,0,pending; see semantic_review.csv,rows.jsonl
read_all_m01,E02,1,external_content,authored,2026-10-03T00:36:22.265988+00:00,2026-10-03T00:36:26.162050+00:00,3605.699799954891,3604.006300214678,1,1397,208,0,0,1,0,0.0002437,True,0.0002437,0.00015021,0,0,0,[],0,0,0,0,0.00015021,1,action,action,True,1,True,,0,1,0,0,pending; see semantic_review.csv,rows.jsonl
no_repair_m01,E02,1,external_content,authored,2026-10-03T00:36:26.299386+00:00,2026-10-03T00:36:33.476284+00:00,6480.389000149444,6477.950000204146,2,2157,309,0,0,2,0,0.0003702,True,0.0003702,0.00027701,0,0,0,[],0,0,0,0,0.00027701,2,action,action,True,1,True,,0,1,0,0,pending; see semantic_review.csv,rows.jsonl
full_m06,E02,1,external_content,authored,2026-10-03T00:36:33.782085+00:00,2026-10-03T00:36:40.147388+00:00,5024.264299543574,5022.060399642214,2,3360,393,0,0,2,0,0.01065,True,0.01065,0.01065,0,0,0,[],0,0,0,0,0.01065,2,action,action,True,1,True,,0,1,0,0,pending; see semantic_review.csv,rows.jsonl
prompt_only_m06,E02,1,external_content,authored,2026-10-03T00:36:40.309253+00:00,2026-10-03T00:36:42.659554+00:00,2063.7322997208685,2062.6773997209966,1,2089,99,0,0,1,0,0.005168,True,0.005168,0.005168,0,0,0,[],0,0,0,0,0.005168,1,action,needs_review,False,0,True,,0,0,0,0,pending; see semantic_review.csv,rows.jsonl
no_external_m06,E02,1,external_content,authored,2026-10-03T00:36:42.827526+00:00,2026-10-03T00:36:47.524320+00:00,4233.435600064695,4230.367899872363,2,4564,238,0,0,2,0,0.011508000000000001,True,0.011508000000000001,0.011508000000000001,0,1987.4658999033272,0.00599,"[{""stage"": ""extraction"", ""initial_error"": ""Evidence quote is absent from source: body"", ""quote_diagnostics"": [{""source_id"": ""body"", ""model_quote"": ""Unread external content: handover-checklist.txt"", ""candidates"": []}], ""attempted"": true, ""outcome"": ""validated""}]",1,0,0,1,0.011508000000000001,2,action,needs_review,False,0,True,,1,0,0,0,pending; see semantic_review.csv,rows.jsonl
read_all_m06,E02,1,external_content,authored,2026-10-03T00:36:47.722534+00:00,2026-10-03T00:36:50.560176+00:00,2584.941199980676,2584.0108999982476,1,2167,235,0,0,1,0,0.006684,True,0.006684,0.006684,0,0,0,[],0,0,0,0,0.006684,1,action,action,True,1,True,,0,1,0,0,pending; see semantic_review.csv,rows.jsonl
no_repair_m06,E02,1,external_content,authored,2026-10-03T00:36:50.779861+00:00,2026-10-03T00:36:56.626548+00:00,5181.141200009733,5179.267300060019,2,3370,378,0,0,2,0,0.01052,True,0.01052,0.01052,0,0,0,[],0,0,0,0,0.01052,2,action,action,True,1,True,,0,1,0,0,pending; see semantic_review.csv,rows.jsonl
full_m01,E03,1,external_content,authored,2026-10-03T00:36:56.923703+00:00,2026-10-03T00:37:02.073342+00:00,4352.717999834567,4350.6410997360945,2,2137,315,0,0,2,0,0.0003712,True,0.0003712,0.000277735,0,0,0,[],0,0,0,0,0.000277735,2,action,action,True,1,True,,0,1,0,0,pending; see semantic_review.csv,rows.jsonl
prompt_only_m01,E03,1,external_content,authored,2026-10-03T00:37:02.233378+00:00,2026-10-03T00:37:05.630058+00:00,2944.0263002179563,2942.475100280717,1,1336,112,0,0,1,0,0.0001896,True,0.0001896,9.4585e-05,0,0,0,[],0,0,0,0,9.4585e-05,1,action,needs_review,False,0,True,,0,0,0,0,pending; see semantic_review.csv,rows.jsonl
no_external_m01,E03,1,external_content,authored,2026-10-03T00:37:05.936274+00:00,2026-10-03T00:37:09.724870+00:00,2776.672899723053,2775.301299756393,1,1336,104,0,0,1,0,0.00018559999999999998,True,0.00018559999999999998,6.563e-05,0,0,0,[],0,0,0,0,6.563e-05,1,action,needs_review,False,0,True,,0,0,0,0,pending; see semantic_review.csv,rows.jsonl
read_all_m01,E03,1,external_content,authored,2026-10-03T00:37:10.005387+00:00,2026-10-03T00:37:13.719807+00:00,3355.399699881673,3353.203499922529,1,1385,208,0,0,1,0,0.0002425,True,0.0002425,0.00014871,0,0,0,[],0,0,0,0,0.00014871,1,action,action,True,1,True,,0,1,0,0,pending; see semantic_review.csv,rows.jsonl
no_repair_m01,E03,1,external_content,authored,2026-10-03T00:37:14.025739+00:00,2026-10-03T00:37:19.820865+00:00,5127.328800037503,5124.088300159201,2,2136,321,0,0,2,0,0.0003741,True,0.0003741,0.00028061000000000004,0,0,0,[],0,0,0,0,0.00028061000000000004,2,action,action,True,1,True,,0,1,0,0,pending; see semantic_review.csv,rows.jsonl
full_m06,E03,1,external_content,authored,2026-10-03T00:37:20.011321+00:00,2026-10-03T00:37:25.705449+00:00,5027.708800276741,5024.644900113344,2,3331,335,0,0,2,0,0.010012,True,0.010012,0.010012,0,0,0,[],0,0,0,0,0.010012,2,action,action,True,1,True,,0,1,0,0,pending; see semantic_review.csv,rows.jsonl
prompt_only_m06,E03,1,external_content,authored,2026-10-03T00:37:26.108197+00:00,2026-10-03T00:37:28.803721+00:00,2256.9941002875566,2256.300500128418,1,2078,96,0,0,1,0,0.005116,True,0.005116,0.005116,0,0,0,[],0,0,0,0,0.005116,1,action,needs_review,False,0,True,,0,0,0,0,pending; see semantic_review.csv,rows.jsonl
no_external_m06,E03,1,external_content,authored,2026-10-03T00:37:29.179918+00:00,2026-10-03T00:37:32.354646+00:00,2251.610799925402,2250.561699969694,1,2078,95,0,0,1,0,0.005106,True,0.005106,0.005106,0,0,0,[],0,0,0,0,0.005106,1,action,needs_review,False,0,True,,0,0,0,0,pending; see semantic_review.csv,rows.jsonl
read_all_m06,E03,1,external_content,authored,2026-10-03T00:37:32.867773+00:00,2026-10-03T00:37:36.552664+00:00,2866.9520998373628,2865.0350999087095,1,2150,215,0,0,1,0,0.00645,True,0.00645,0.00645,0,0,0,[],0,0,0,0,0.00645,1,action,action,True,1,True,,0,1,0,0,pending; see semantic_review.csv,rows.jsonl
no_repair_m06,E03,1,external_content,authored,2026-10-03T00:37:36.859341+00:00,2026-10-03T00:37:42.773605+00:00,4985.649400157854,4983.052599942312,2,3341,349,0,0,2,0,0.010172,True,0.010172,0.010172,0,0,0,[],0,0,0,0,0.010172,2,action,action,True,1,True,,0,1,0,0,pending; see semantic_review.csv,rows.jsonl
full_m01,E04,1,external_content,authored,2026-10-03T00:37:42.932076+00:00,2026-10-03T00:37:49.799167+00:00,5804.997100261971,5801.887500099838,2,2145,399,0,0,2,0,0.000414,True,0.000414,0.000320685,0,0,0,[],0,0,0,0,0.000320685,2,no_action,no_action,True,0,True,,0,1,0,0,pending; see semantic_review.csv,rows.jsonl
prompt_only_m01,E04,1,external_content,authored,2026-10-03T00:37:50.170925+00:00,2026-10-03T00:37:53.347490+00:00,2663.2993996609002,2661.9584998115897,1,1338,94,0,0,1,0,0.00018079999999999998,True,0.00018079999999999998,8.5835e-05,0,0,0,[],0,0,0,0,8.5835e-05,1,no_action,needs_review,False,0,True,,0,0,0,1,pending; see semantic_review.csv,rows.jsonl
no_external_m01,E04,1,external_content,authored,2026-10-03T00:37:53.551102+00:00,2026-10-03T00:37:56.251724+00:00,2229.9512000754476,2228.879500180483,1,1338,98,0,0,1,0,0.00018279999999999997,True,0.00018279999999999997,6.265e-05,0,0,0,[],0,0,0,0,6.265e-05,1,no_action,needs_review,False,0,True,,0,0,0,1,pending; see semantic_review.csv,rows.jsonl
read_all_m01,E04,1,external_content,authored,2026-10-03T00:37:56.445417+00:00,2026-10-03T00:37:58.636283+00:00,1954.7097999602556,1953.0393001623452,1,1384,148,0,0,1,0,0.00021239999999999999,True,0.00021239999999999999,0.000118585,0,0,0,[],0,0,0,0,0.000118585,1,no_action,no_action,True,0,True,,0,1,0,0,pending; see semantic_review.csv,rows.jsonl
no_repair_m01,E04,1,external_content,authored,2026-10-03T00:37:58.824463+00:00,2026-10-03T00:38:06.248761+00:00,6507.580899866298,6504.638399928808,2,2144,348,0,0,2,0,0.00038839999999999995,True,0.00038839999999999995,0.00029506,0,0,0,[],0,0,0,0,0.00029506,2,no_action,no_action,True,0,True,,0,1,0,0,pending; see semantic_review.csv,rows.jsonl
full_m06,E04,1,external_content,authored,2026-10-03T00:38:06.556061+00:00,2026-10-03T00:38:14.986239+00:00,7200.894000008702,7198.571000248194,2,3385,589,0,0,2,0,0.012660000000000001,True,0.012660000000000001,0.012660000000000001,0,0,0,[],0,0,0,0,0.012660000000000001,2,no_action,no_action,True,0,True,,0,1,0,0,pending; see semantic_review.csv,rows.jsonl
prompt_only_m06,E04,1,external_content,authored,2026-10-03T00:38:15.122360+00:00,2026-10-03T00:38:20.228748+00:00,4814.502900000662,4813.566399971023,1,2090,278,0,0,1,0,0.00696,True,0.00696,0.00696,0,0,0,[],0,0,0,0,0.00696,1,no_action,needs_review,False,0,True,,0,0,0,1,pending; see semantic_review.csv,rows.jsonl
no_external_m06,E04,1,external_content,authored,2026-10-03T00:38:20.474969+00:00,2026-10-03T00:38:25.192144+00:00,4253.287999890745,4252.024399815127,1,2090,269,0,0,1,0,0.00687,True,0.00687,0.00687,0,0,0,[],0,0,0,0,0.00687,1,no_action,needs_review,False,0,True,,0,0,0,1,pending; see semantic_review.csv,rows.jsonl
read_all_m06,E04,1,external_content,authored,2026-10-03T00:38:25.498423+00:00,2026-10-03T00:38:28.168429+00:00,2244.5199000649154,2243.2110998779535,1,2163,132,0,0,1,0,0.005646,True,0.005646,0.005646,0,0,0,[],0,0,0,0,0.005646,1,no_action,no_action,True,0,True,,0,1,0,0,pending; see semantic_review.csv,rows.jsonl
no_repair_m06,E04,1,external_content,authored,2026-10-03T00:38:28.345789+00:00,2026-10-03T00:38:37.101138+00:00,7801.773200044408,7798.880300018936,2,3411,596,0,0,2,0,0.012782000000000002,True,0.012782000000000002,0.012782000000000002,0,0,0,[],0,0,0,0,0.012782000000000002,2,no_action,no_action,True,0,True,,0,1,0,0,pending; see semantic_review.csv,rows.jsonl
full_m01,E05,1,external_content,authored,2026-10-03T00:38:37.266607+00:00,2026-10-03T00:38:44.137357+00:00,5640.590399969369,5638.099899981171,2,2134,339,0,0,2,0,0.00038290000000000004,True,0.00038290000000000004,0.00028938499999999997,0,0,0,[],0,0,0,0,0.00028938499999999997,2,no_action,no_action,True,0,True,,0,1,0,0,pending; see semantic_review.csv,rows.jsonl
prompt_only_m01,E05,1,external_content,authored,2026-10-03T00:38:44.443180+00:00,2026-10-03T00:38:48.436321+00:00,3410.8818997628987,3409.7119998186827,1,1335,239,0,0,1,0,0.000253,True,0.000253,0.00015796,0,0,0,[],0,0,0,0,0.00015796,1,no_action,needs_review,False,0,True,,0,0,0,0,pending; see semantic_review.csv,rows.jsonl
no_external_m01,E05,1,external_content,authored,2026-10-03T00:38:48.743549+00:00,2026-10-03T00:38:51.256884+00:00,2204.5635003596544,2203.5917001776397,1,1335,179,0,0,1,0,0.000223,True,0.000223,0.00010312,0,0,0,[],0,0,0,0,0.00010312,1,no_action,needs_review,False,0,True,,0,0,0,0,pending; see semantic_review.csv,rows.jsonl
read_all_m01,E05,1,external_content,authored,2026-10-03T00:38:51.436113+00:00,2026-10-03T00:38:54.586355+00:00,2747.698400169611,2746.641200268641,1,1381,158,0,0,1,0,0.0002171,True,0.0002171,0.00012321,0,0,0,[],0,0,0,0,0.00012321,1,no_action,no_action,True,0,True,,0,1,0,0,pending; see semantic_review.csv,rows.jsonl
no_repair_m01,E05,1,external_content,authored,2026-10-03T00:38:54.717793+00:00,2026-10-03T00:39:00.316982+00:00,4923.57759992592,4920.4728996846825,2,2129,341,0,0,2,0,0.0003834,True,0.0003834,0.00028976,0,0,0,[],0,0,0,0,0.00028976,2,no_action,no_action,True,0,True,,0,1,0,0,pending; see semantic_review.csv,rows.jsonl
full_m06,E05,1,external_content,authored,2026-10-03T00:39:00.621101+00:00,2026-10-03T00:39:07.336000+00:00,5982.550699962303,5979.57030008547,2,3356,411,0,0,2,0,0.010822,True,0.010822,0.010822,0,0,0,[],0,0,0,0,0.010822,2,no_action,no_action,True,0,True,,0,1,0,0,pending; see semantic_review.csv,rows.jsonl
prompt_only_m06,E05,1,external_content,authored,2026-10-03T00:39:07.686409+00:00,2026-10-03T00:39:13.729754+00:00,5223.821699852124,5222.250599646941,1,2075,446,0,0,1,0,0.00861,True,0.00861,0.00861,0,0,0,[],0,0,0,0,0.00861,1,no_action,needs_review,False,0,True,,0,0,0,1,pending; see semantic_review.csv,rows.jsonl
no_external_m06,E05,1,external_content,authored,2026-10-03T00:39:14.035979+00:00,2026-10-03T00:39:21.101945+00:00,6568.95889993757,6567.629500059411,1,2075,611,0,0,1,0,0.01026,True,0.01026,0.01026,0,0,0,[],0,0,0,0,0.01026,1,no_action,needs_review,False,0,True,,0,0,0,1,pending; see semantic_review.csv,rows.jsonl
read_all_m06,E05,1,external_content,authored,2026-10-03T00:39:21.325179+00:00,2026-10-03T00:39:23.970608+00:00,2210.991800064221,2209.3664999119937,1,2151,129,0,0,1,0,0.005592,True,0.005592,0.005592,0,0,0,[],0,0,0,0,0.005592,1,no_action,no_action,True,0,True,,0,1,0,0,pending; see semantic_review.csv,rows.jsonl
no_repair_m06,E05,1,external_content,authored,2026-10-03T00:39:24.379151+00:00,2026-10-03T00:39:32.365086+00:00,6657.913699746132,6656.073099933565,2,3371,489,0,0,2,0,0.011632,True,0.011632,0.011632,0,0,0,[],0,0,0,0,0.011632,2,no_action,no_action,True,0,True,,0,1,0,0,pending; see semantic_review.csv,rows.jsonl
full_m01,E06,1,external_content,authored,2026-10-03T00:39:32.672513+00:00,2026-10-03T00:39:39.021542+00:00,5489.616699749604,5486.803299514577,2,2179,343,0,0,2,0,0.0003893999999999999,True,0.0003893999999999999,0.000296485,0,0,0,[],0,0,0,0,0.000296485,2,action,action,True,1,True,,0,1,0,0,pending; see semantic_review.csv,rows.jsonl
prompt_only_m01,E06,1,external_content,authored,2026-10-03T00:39:39.328416+00:00,2026-10-03T00:39:44.449006+00:00,3993.0406000930816,3992.0252999290824,1,1357,117,0,0,1,0,0.00019419999999999998,True,0.00019419999999999998,9.971e-05,0,0,0,[],0,0,0,0,9.971e-05,1,action,needs_review,False,0,True,,0,0,0,0,pending; see semantic_review.csv,rows.jsonl
no_external_m01,E06,1,external_content,authored,2026-10-03T00:39:44.721938+00:00,2026-10-03T00:39:47.522418+00:00,2467.8018998820335,2466.441599885002,1,1357,113,0,0,1,0,0.00019219999999999998,True,0.00019219999999999998,7.034e-05,0,0,0,[],0,0,0,0,7.034e-05,1,action,needs_review,False,0,True,,0,0,0,0,pending; see semantic_review.csv,rows.jsonl
read_all_m01,E06,1,external_content,authored,2026-10-03T00:39:47.705561+00:00,2026-10-03T00:39:51.476500+00:00,3542.236000066623,3540.89910001494,1,1406,221,0,0,1,0,0.0002511,True,0.0002511,0.000157835,0,0,0,[],0,0,0,0,0.000157835,1,action,action,True,1,True,,0,1,0,0,pending; see semantic_review.csv,rows.jsonl
no_repair_m01,E06,1,external_content,authored,2026-10-03T00:39:51.641475+00:00,2026-10-03T00:39:56.937340+00:00,4504.733999725431,4500.952099682763,2,2183,315,0,0,2,0,0.0003757999999999999,True,0.0003757999999999999,0.00028298500000000003,0,0,0,[],0,0,0,0,0.00028298500000000003,2,action,action,True,1,True,,0,1,0,0,pending; see semantic_review.csv,rows.jsonl
full_m06,E06,1,external_content,authored,2026-10-03T00:39:57.147605+00:00,2026-10-03T00:40:02.650941+00:00,4901.431999867782,4899.4208998046815,2,3404,372,0,0,2,0,0.010528,True,0.010528,0.010528,0,0,0,[],0,0,0,0,0.010528,2,action,action,True,1,True,,0,1,0,0,pending; see semantic_review.csv,rows.jsonl
prompt_only_m06,E06,1,external_content,authored,2026-10-03T00:40:02.803451+00:00,2026-10-03T00:40:05.154565+00:00,2144.3227001000196,2143.1750000920147,1,2112,114,0,0,1,0,0.005364,True,0.005364,0.005364,0,0,0,[],0,0,0,0,0.005364,1,action,needs_review,False,0,True,,0,0,0,0,pending; see semantic_review.csv,rows.jsonl
no_external_m06,E06,1,external_content,authored,2026-10-03T00:40:05.301234+00:00,2026-10-03T00:40:08.000347+00:00,2260.6667003128678,2259.593300288543,1,2112,118,0,0,1,0,0.005404,True,0.005404,0.005404,0,0,0,[],0,0,0,0,0.005404,1,action,needs_review,False,0,True,,0,0,0,0,pending; see semantic_review.csv,rows.jsonl
read_all_m06,E06,1,external_content,authored,2026-10-03T00:40:08.292317+00:00,2026-10-03T00:40:13.018708+00:00,4302.259400021285,4300.509399967268,1,2190,277,0,0,1,0,0.00715,True,0.00715,0.00715,0,0,0,[],0,0,0,0,0.00715,1,action,action,True,1,True,,0,1,0,0,pending; see semantic_review.csv,rows.jsonl
no_repair_m06,E06,1,external_content,authored,2026-10-03T00:40:13.326210+00:00,2026-10-03T00:40:21.210082+00:00,5272.261299891397,5269.051000243053,2,3404,374,0,0,2,0,0.010548,True,0.010548,0.010548,0,0,0,[],0,0,0,0,0.010548,2,action,action,True,1,True,,0,1,0,0,pending; see semantic_review.csv,rows.jsonl
full_m01,E07,1,external_content,authored,2026-10-03T00:40:21.363400+00:00,2026-10-03T00:40:31.041901+00:00,8256.974700139835,8251.056800130755,3,3830,545,0,0,3,0,0.0006554999999999999,True,0.0006554999999999999,0.00047562,0,2547.8862000163645,0.00017221,"[{""stage"": ""extraction"", ""initial_error"": ""Extra data: line 1 column 521 (char 520)"", ""quote_diagnostics"": [], ""attempted"": true, ""outcome"": ""validation_failure"", ""final_error"": ""Extra data: line 1 column 521 (char 520)""}]",0,1,0,0,0.00047562,3,action,needs_review,False,0,True,,1,1,0,1,pending; see semantic_review.csv,rows.jsonl
prompt_only_m01,E07,1,external_content,authored,2026-10-03T00:40:31.347539+00:00,2026-10-03T00:40:34.829964+00:00,2906.970600131899,2905.2246001083404,1,1350,126,0,0,1,0,0.000198,True,0.000198,0.000103335,0,0,0,[],0,0,0,0,0.000103335,1,action,needs_review,False,0,True,,0,0,0,0,pending; see semantic_review.csv,rows.jsonl
no_external_m01,E07,1,external_content,authored,2026-10-03T00:40:35.009295+00:00,2026-10-03T00:40:39.029426+00:00,3288.33009977825,3285.9525999519974,1,1350,135,0,0,1,0,0.0002025,True,0.0002025,8.127e-05,0,0,0,[],0,0,0,0,8.127e-05,1,action,needs_review,False,0,True,,0,0,0,0,pending; see semantic_review.csv,rows.jsonl
read_all_m01,E07,1,external_content,authored,2026-10-03T00:40:39.334474+00:00,2026-10-03T00:40:42.672094+00:00,3058.5949001833797,3057.4336999561638,1,1399,263,0,0,1,0,0.0002714,True,0.0002714,0.00017796,0,0,0,[],0,0,0,0,0.00017796,1,action,action,True,1,True,,0,1,0,0,pending; see semantic_review.csv,rows.jsonl
no_repair_m01,E07,1,external_content,authored,2026-10-03T00:40:42.826784+00:00,2026-10-03T00:40:47.698252+00:00,4406.445400323719,4404.152200324461,2,2166,306,0,0,2,0,0.0003696,True,0.0003696,0.000276535,0,0,0,[],0,0,0,0,0.000276535,2,action,action,True,1,True,,0,1,0,0,pending; see semantic_review.csv,rows.jsonl
full_m06,E07,1,external_content,authored,2026-10-03T00:40:47.879617+00:00,2026-10-03T00:40:56.477743+00:00,7738.861999940127,7734.943799907342,2,3364,353,0,0,2,0,0.010258,True,0.010258,0.010258,0,0,0,[],0,0,0,0,0.010258,2,action,action,True,1,True,,0,1,0,0,pending; see semantic_review.csv,rows.jsonl
prompt_only_m06,E07,1,external_content,authored,2026-10-03T00:40:56.638080+00:00,2026-10-03T00:41:01.146821+00:00,4101.857499917969,4100.474199745804,1,2093,247,0,0,1,0,0.006656,True,0.006656,0.006656,0,0,0,[],0,0,0,0,0.006656,1,action,needs_review,False,0,True,,0,0,0,0,pending; see semantic_review.csv,rows.jsonl
no_external_m06,E07,1,external_content,authored,2026-10-03T00:41:01.452699+00:00,2026-10-03T00:41:04.249057+00:00,2458.985100267455,2457.781499950215,1,2093,115,0,0,1,0,0.005336,True,0.005336,0.005336,0,0,0,[],0,0,0,0,0.005336,1,action,needs_review,False,0,True,,0,0,0,0,pending; see semantic_review.csv,rows.jsonl
read_all_m06,E07,1,external_content,authored,2026-10-03T00:41:04.443607+00:00,2026-10-03T00:41:11.483471+00:00,6634.039399912581,6632.597699994221,1,2168,484,0,0,1,0,0.009176,True,0.009176,0.009176,0,0,0,[],0,0,0,0,0.009176,1,action,action,True,1,True,,0,1,0,0,pending; see semantic_review.csv,rows.jsonl
no_repair_m06,E07,1,external_content,authored,2026-10-03T00:41:12.307295+00:00,2026-10-03T00:41:18.658079+00:00,5262.191400164738,5255.669000092894,2,3364,359,0,0,2,0,0.010317999999999999,True,0.010317999999999999,0.010317999999999999,0,0,0,[],0,0,0,0,0.010317999999999999,2,action,action,True,1,True,,0,1,0,0,pending; see semantic_review.csv,rows.jsonl
full_m01,E08,1,external_content,authored,2026-10-03T00:41:18.916128+00:00,2026-10-03T00:41:25.688942+00:00,6043.9589999150485,6040.668899891898,2,2174,368,0,0,2,0,0.0004014,True,0.0004014,0.00030841,0,0,0,[],0,0,0,0,0.00030841,2,action,action,True,1,True,,0,1,0,0,pending; see semantic_review.csv,rows.jsonl
prompt_only_m01,E08,1,external_content,authored,2026-10-03T00:41:25.849473+00:00,2026-10-03T00:41:30.381238+00:00,4058.7307002861053,4057.37020005472,1,1355,347,0,0,1,0,0.000309,True,0.000309,0.00021446,0,0,0,[],0,0,0,0,0.00021446,1,action,needs_review,False,0,True,,0,0,0,0,pending; see semantic_review.csv,rows.jsonl
no_external_m01,E08,1,external_content,authored,2026-10-03T00:41:30.841131+00:00,2026-10-03T00:41:34.744008+00:00,3433.7609000504017,3432.8018000815064,1,1355,166,0,0,1,0,0.0002185,True,0.0002185,9.682e-05,0,0,0,[],0,0,0,0,9.682e-05,1,action,needs_review,False,0,True,,0,0,0,0,pending; see semantic_review.csv,rows.jsonl
read_all_m01,E08,1,external_content,authored,2026-10-03T00:41:34.962460+00:00,2026-10-03T00:41:38.431116+00:00,3035.171300172806,3033.6372000165284,1,1404,269,0,0,1,0,0.00027489999999999996,True,0.00027489999999999996,0.000181585,0,0,0,[],0,0,0,0,0.000181585,1,action,action,True,1,True,,0,1,0,0,pending; see semantic_review.csv,rows.jsonl
no_repair_m01,E08,1,external_content,authored,2026-10-03T00:41:38.594880+00:00,2026-10-03T00:41:48.044532+00:00,8074.294399935752,8072.415699949488,2,2176,390,0,0,2,0,0.00041259999999999995,True,0.00041259999999999995,0.00031966000000000004,0,0,0,[],0,0,0,0,0.00031966000000000004,2,action,action,True,1,True,,0,1,0,0,pending; see semantic_review.csv,rows.jsonl
full_m06,E08,1,external_content,authored,2026-10-03T00:41:48.454468+00:00,2026-10-03T00:41:54.895239+00:00,5554.890099680051,5552.6803999673575,2,3399,429,0,0,2,0,0.011088,True,0.011088,0.011088,0,0,0,[],0,0,0,0,0.011088,2,action,action,True,1,True,,0,1,0,0,pending; see semantic_review.csv,rows.jsonl
prompt_only_m06,E08,1,external_content,authored,2026-10-03T00:41:55.164401+00:00,2026-10-03T00:41:58.015034+00:00,2488.6783002875745,2487.772200256586,1,2109,123,0,0,1,0,0.005448,True,0.005448,0.005448,0,0,0,[],0,0,0,0,0.005448,1,action,needs_review,False,0,True,,0,0,0,0,pending; see semantic_review.csv,rows.jsonl
no_external_m06,E08,1,external_content,authored,2026-10-03T00:41:58.168249+00:00,2026-10-03T00:42:01.151323+00:00,2530.0857999827713,2528.5870998632163,1,2109,134,0,0,1,0,0.005558,True,0.005558,0.005558,0,0,0,[],0,0,0,0,0.005558,1,action,needs_review,False,0,True,,0,0,0,0,pending; see semantic_review.csv,rows.jsonl
read_all_m06,E08,1,external_content,authored,2026-10-03T00:42:01.515431+00:00,2026-10-03T00:42:05.761002+00:00,3585.6099997181445,3583.806899841875,1,2190,289,0,0,1,0,0.00727,True,0.00727,0.00727,0,0,0,[],0,0,0,0,0.00727,1,action,action,True,1,True,,0,1,0,0,pending; see semantic_review.csv,rows.jsonl
no_repair_m06,E08,1,external_content,authored,2026-10-03T00:42:06.169093+00:00,2026-10-03T00:42:13.180312+00:00,5849.8756003100425,5846.584900282323,2,3400,431,0,0,2,0,0.01111,True,0.01111,0.01111,0,0,0,[],0,0,0,0,0.01111,2,action,action,True,1,True,,0,1,0,0,pending; see semantic_review.csv,rows.jsonl
full_m01,E09,1,external_content,authored,2026-10-03T00:42:13.643556+00:00,2026-10-03T00:42:21.538457+00:00,6798.6500998958945,6796.719299629331,2,2182,407,0,0,2,0,0.0004217,True,0.0004217,0.000328985,0,0,0,[],0,0,0,0,0.000328985,2,no_action,no_action,True,0,True,,0,1,0,0,pending; see semantic_review.csv,rows.jsonl
prompt_only_m01,E09,1,external_content,authored,2026-10-03T00:42:21.778961+00:00,2026-10-03T00:42:24.181157+00:00,1889.0040998812765,1887.6669998280704,1,1352,119,0,0,1,0,0.0001947,True,0.0001947,0.000100085,0,0,0,[],0,0,0,0,0.000100085,1,no_action,needs_review,False,0,True,,0,0,0,1,pending; see semantic_review.csv,rows.jsonl
no_external_m01,E09,1,external_content,authored,2026-10-03T00:42:24.365879+00:00,2026-10-03T00:42:26.546112+00:00,1781.894200015813,1781.0635000932962,1,1352,116,0,0,1,0,0.00019319999999999998,True,0.00019319999999999998,7.179e-05,0,0,0,[],0,0,0,0,7.179e-05,1,no_action,needs_review,False,0,True,,0,0,0,1,pending; see semantic_review.csv,rows.jsonl
read_all_m01,E09,1,external_content,authored,2026-10-03T00:42:26.955770+00:00,2026-10-03T00:42:29.476078+00:00,2013.709400082007,2012.18600012362,1,1406,130,0,0,1,0,0.00020559999999999998,True,0.00020559999999999998,0.000112335,0,0,0,[],0,0,0,0,0.000112335,1,no_action,no_action,True,0,True,,0,1,0,0,pending; see semantic_review.csv,rows.jsonl
no_repair_m01,E09,1,external_content,authored,2026-10-03T00:42:29.655690+00:00,2026-10-03T00:42:35.761058+00:00,5409.637600183487,5407.148300204426,2,2173,435,0,0,2,0,0.00043479999999999994,True,0.00043479999999999994,0.00034186000000000004,0,0,0,[],0,0,0,0,0.00034186000000000004,2,no_action,no_action,True,0,True,,0,1,0,0,pending; see semantic_review.csv,rows.jsonl
full_m06,E09,1,external_content,authored,2026-10-03T00:42:35.987095+00:00,2026-10-03T00:42:45.901869+00:00,9140.345699852332,9136.686799582094,2,3394,568,0,0,2,0,0.012468,True,0.012468,0.012468,0,0,0,[],0,0,0,0,0.012468,2,no_action,no_action,True,0,True,,0,1,0,0,pending; see semantic_review.csv,rows.jsonl
prompt_only_m06,E09,1,external_content,authored,2026-10-03T00:42:46.207276+00:00,2026-10-03T00:42:49.279177+00:00,2726.0506998281926,2724.2060997523367,1,2093,127,0,0,1,0,0.005456,True,0.005456,0.005456,0,0,0,[],0,0,0,0,0.005456,1,no_action,needs_review,False,0,True,,0,0,0,1,pending; see semantic_review.csv,rows.jsonl
no_external_m06,E09,1,external_content,authored,2026-10-03T00:42:49.585798+00:00,2026-10-03T00:42:52.760681+00:00,2621.333099901676,2620.06889982149,1,2093,122,0,0,1,0,0.005406,True,0.005406,0.005406,0,0,0,[],0,0,0,0,0.005406,1,no_action,needs_review,False,0,True,,0,0,0,1,pending; see semantic_review.csv,rows.jsonl
read_all_m06,E09,1,external_content,authored,2026-10-03T00:42:53.170175+00:00,2026-10-03T00:42:56.653414+00:00,3059.4681000802666,3057.3434000834823,1,2180,116,0,0,1,0,0.00552,True,0.00552,0.00552,0,0,0,[],0,0,0,0,0.00552,1,no_action,no_action,True,0,True,,0,1,0,0,pending; see semantic_review.csv,rows.jsonl
no_repair_m06,E09,1,external_content,authored,2026-10-03T00:42:56.854540+00:00,2026-10-03T00:43:05.194170+00:00,7205.280700000003,7202.5874000974,2,3392,589,0,0,2,0,0.012674,True,0.012674,0.012674,0,0,0,[],0,0,0,0,0.012674,2,no_action,no_action,True,0,True,,0,1,0,0,pending; see semantic_review.csv,rows.jsonl
full_m01,E10,1,external_content,authored,2026-10-03T00:43:05.559503+00:00,2026-10-03T00:43:11.193738+00:00,4824.295800179243,4821.905200369656,2,2164,261,0,0,2,0,0.0003469,True,0.0003469,0.00025378499999999997,0,0,0,[],0,0,0,0,0.00025378499999999997,2,no_action,no_action,True,0,True,,0,1,0,0,pending; see semantic_review.csv,rows.jsonl
prompt_only_m01,E10,1,external_content,authored,2026-10-03T00:43:11.499763+00:00,2026-10-03T00:43:15.904082+00:00,3789.431600132957,3787.228300003335,1,1350,123,0,0,1,0,0.0001965,True,0.0001965,0.000101835,0,0,0,[],0,0,0,0,0.000101835,1,no_action,needs_review,False,0,True,,0,0,0,0,pending; see semantic_review.csv,rows.jsonl
no_external_m01,E10,1,external_content,authored,2026-10-03T00:43:16.312477+00:00,2026-10-03T00:43:19.793053+00:00,2888.850300339982,2887.284500291571,1,1350,131,0,0,1,0,0.0002005,True,0.0002005,7.927e-05,0,0,0,[],0,0,0,0,7.927e-05,1,no_action,needs_review,False,0,True,,0,0,0,0,pending; see semantic_review.csv,rows.jsonl
read_all_m01,E10,1,external_content,authored,2026-10-03T00:43:20.099798+00:00,2026-10-03T00:43:24.300786+00:00,3585.302000399679,3583.344200393185,1,1396,173,0,0,1,0,0.0002261,True,0.0002261,0.000132585,0,0,0,[],0,0,0,0,0.000132585,1,no_action,no_action,True,0,True,,0,1,0,0,pending; see semantic_review.csv,rows.jsonl
no_repair_m01,E10,1,external_content,authored,2026-10-03T00:43:24.708686+00:00,2026-10-03T00:43:31.926390+00:00,6506.349299801514,6502.665999578312,2,2163,276,0,0,2,0,0.0003543,True,0.0003543,0.00026115999999999997,0,0,0,[],0,0,0,0,0.00026115999999999997,2,no_action,no_action,True,0,True,,0,1,0,0,pending; see semantic_review.csv,rows.jsonl
full_m06,E10,1,external_content,authored,2026-10-03T00:43:32.114459+00:00,2026-10-03T00:43:37.495423+00:00,4754.674899857491,4750.977299641818,2,3361,270,0,0,2,0,0.009422,True,0.009422,0.009422,0,0,0,[],0,0,0,0,0.009422,2,no_action,no_action,True,0,True,,0,1,0,0,pending; see semantic_review.csv,rows.jsonl
prompt_only_m06,E10,1,external_content,authored,2026-10-03T00:43:37.744295+00:00,2026-10-03T00:43:40.796678+00:00,2494.3149997852743,2493.3305997401476,1,2095,124,0,0,1,0,0.00543,True,0.00543,0.00543,0,0,0,[],0,0,0,0,0.00543,1,no_action,needs_review,False,0,True,,0,0,0,0,pending; see semantic_review.csv,rows.jsonl
no_external_m06,E10,1,external_content,authored,2026-10-03T00:43:41.091801+00:00,2026-10-03T00:43:44.166110+00:00,2459.535599919036,2457.913599908352,1,2095,106,0,0,1,0,0.00525,True,0.00525,0.00525,0,0,0,[],0,0,0,0,0.00525,1,no_action,needs_review,False,0,True,,0,0,0,0,pending; see semantic_review.csv,rows.jsonl
read_all_m06,E10,1,external_content,authored,2026-10-03T00:43:44.358061+00:00,2026-10-03T00:43:47.106914+00:00,2432.1011998690665,2430.225199786946,1,2169,150,0,0,1,0,0.005838,True,0.005838,0.005838,0,0,0,[],0,0,0,0,0.005838,1,no_action,no_action,True,0,True,,0,1,0,0,pending; see semantic_review.csv,rows.jsonl
no_repair_m06,E10,1,external_content,authored,2026-10-03T00:43:47.270194+00:00,2026-10-03T00:43:54.080519+00:00,5742.014000192285,5739.447000203654,2,3360,277,0,0,2,0,0.00949,True,0.00949,0.00949,0,0,0,[],0,0,0,0,0.00949,2,no_action,no_action,True,0,True,,0,1,0,0,pending; see semantic_review.csv,rows.jsonl
full_m01,S01,1,long_content,mailex_raw,2026-10-03T00:43:54.271797+00:00,2026-10-03T00:43:58.026670+00:00,3392.225499730557,3390.463999705389,1,1766,243,0,0,1,0,0.00029810000000000004,True,0.00029810000000000004,0.000213835,0,0,0,[],0,0,0,0,0.000213835,1,no_action,no_action,True,0,True,,0,0,0,0,pending; see semantic_review.csv,rows.jsonl
prompt_only_m01,S01,1,long_content,mailex_raw,2026-10-03T00:43:58.453600+00:00,2026-10-03T00:44:03.220822+00:00,4005.1755004096776,4003.9381003007293,1,1766,280,0,0,1,0,0.0003166,True,0.0003166,0.00015793,0,0,0,[],0,0,0,0,0.00015793,1,no_action,no_action,True,0,True,,0,0,0,0,pending; see semantic_review.csv,rows.jsonl
no_thread_m01,S01,1,long_content,mailex_raw,2026-10-03T00:44:03.517811+00:00,2026-10-03T00:44:06.219211+00:00,2315.7798000611365,2314.673500135541,1,1419,181,0,0,1,0,0.00023239999999999998,True,0.00023239999999999998,0.00013946,0,0,0,[],0,0,0,0,0.00013946,1,no_action,no_action,True,0,True,,0,0,0,0,pending; see semantic_review.csv,rows.jsonl
no_repair_m01,S01,1,long_content,mailex_raw,2026-10-03T00:44:06.417421+00:00,2026-10-03T00:44:09.404312+00:00,2784.0313997585326,2781.9136998150498,1,1766,238,0,0,1,0,0.00029560000000000003,True,0.00029560000000000003,0.00013693,0,0,0,[],0,0,0,0,0.00013693,1,no_action,no_action,True,0,True,,0,0,0,0,pending; see semantic_review.csv,rows.jsonl
stability_m01,S01,1,long_content,mailex_raw,2026-10-03T00:44:09.605358+00:00,2026-10-03T00:44:12.837461+00:00,2788.3009002543986,2786.749599967152,1,1766,217,0,0,1,0,0.00028510000000000005,True,0.00028510000000000005,0.00012643,0,0,0,[],0,0,0,0,0.00012643,1,no_action,no_action,True,0,True,,0,0,0,0,pending; see semantic_review.csv,rows.jsonl
full_m06,S01,1,long_content,mailex_raw,2026-10-03T00:44:13.102838+00:00,2026-10-03T00:44:16.420768+00:00,2740.0751002132893,2738.322300137952,1,2755,166,0,0,1,0,0.00717,True,0.00717,0.00717,0,0,0,[],0,0,0,0,0.00717,1,no_action,no_action,True,0,True,,0,0,0,0,pending; see semantic_review.csv,rows.jsonl
prompt_only_m06,S01,1,long_content,mailex_raw,2026-10-03T00:44:16.727685+00:00,2026-10-03T00:44:20.414853+00:00,3074.4688999839127,3072.810400277376,1,2755,187,0,0,1,0,0.00738,True,0.00738,0.00738,0,0,0,[],0,0,0,0,0.00738,1,no_action,no_action,True,0,True,,0,0,0,0,pending; see semantic_review.csv,rows.jsonl
no_thread_m06,S01,1,long_content,mailex_raw,2026-10-03T00:44:20.893829+00:00,2026-10-03T00:44:23.811196+00:00,2442.663700086996,2441.8682001996785,1,2236,143,0,0,1,0,0.005902,True,0.005902,0.005902,0,0,0,[],0,0,0,0,0.005902,1,no_action,no_action,True,0,True,,0,0,0,0,pending; see semantic_review.csv,rows.jsonl
no_repair_m06,S01,1,long_content,mailex_raw,2026-10-03T00:44:23.982828+00:00,2026-10-03T00:44:27.676931+00:00,3201.2515000533313,3199.7012000065297,1,2755,201,0,0,1,0,0.00752,True,0.00752,0.00752,0,0,0,[],0,0,0,0,0.00752,1,no_action,no_action,True,0,True,,0,0,0,0,pending; see semantic_review.csv,rows.jsonl
stability_m06,S01,1,long_content,mailex_raw,2026-10-03T00:44:27.860791+00:00,2026-10-03T00:44:31.313070+00:00,3194.977599894628,3193.5660999733955,1,2755,196,0,0,1,0,0.00747,True,0.00747,0.00747,0,0,0,[],0,0,0,0,0.00747,1,no_action,no_action,True,0,True,,0,0,0,0,pending; see semantic_review.csv,rows.jsonl
stability_m01,S01,2,long_content,mailex_raw,2026-10-03T00:44:31.493167+00:00,2026-10-03T00:44:35.981487+00:00,4065.008700126782,4062.0685000903904,1,1766,361,0,0,1,0,0.0003571,True,0.0003571,0.00019843,0,0,0,[],0,0,0,0,0.00019843,1,no_action,no_action,True,0,True,,0,0,0,0,pending; see semantic_review.csv,rows.jsonl
stability_m06,S01,2,long_content,mailex_raw,2026-10-03T00:44:36.286083+00:00,2026-10-03T00:44:39.523470+00:00,2805.091100046411,2803.5877000074834,1,2755,179,0,0,1,0,0.0073,True,0.0073,0.0073,0,0,0,[],0,0,0,0,0.0073,1,no_action,no_action,True,0,True,,0,0,0,0,pending; see semantic_review.csv,rows.jsonl
stability_m01,S01,3,long_content,mailex_raw,2026-10-03T00:44:39.704250+00:00,2026-10-03T00:44:42.666878+00:00,2706.8413998931646,2705.7441000360996,1,1766,209,0,0,1,0,0.0002811,True,0.0002811,0.00012243,0,0,0,[],0,0,0,0,0.00012243,1,no_action,no_action,True,0,True,,0,0,0,0,pending; see semantic_review.csv,rows.jsonl
stability_m06,S01,3,long_content,mailex_raw,2026-10-03T00:44:42.849041+00:00,2026-10-03T00:44:46.217989+00:00,3098.9346001297235,3097.002800088376,1,2755,189,0,0,1,0,0.0074,True,0.0074,0.0074,0,0,0,[],0,0,0,0,0.0074,1,no_action,no_action,True,0,True,,0,0,0,0,pending; see semantic_review.csv,rows.jsonl
full_m01,S02,1,long_content,mailex_raw,2026-10-03T00:44:46.524950+00:00,2026-10-03T00:44:57.177696+00:00,9430.18509959802,9420.224899658933,2,4082,769,0,0,2,0,0.0007926999999999999,True,0.0007926999999999999,0.0006379199999999999,0,5631.743399892002,0.000425335,"[{""stage"": ""extraction"", ""initial_error"": ""Evidence quote is absent from source: body"", ""quote_diagnostics"": [{""source_id"": ""body"", ""model_quote"": ""With the updated mutual fund NAV, the Partnership's Bank of  America LOC is actually $112k available as of the close May 25, which was  more than the estimated $25k-$50."", ""candidates"": [{""source_id"": ""body"", ""quote"": ""With the updated mutual fund NAV, the Partnership's Bank of  America LOC is=\nactually $112k available as of the close May 25, which was  more than the =\nestimated $25k-$50k."", ""text_similarity"": 0.994, ""high_similarity"": true, ""critical_difference"": true, ""unique_in_source"": true, ""auto_accepted"": false}]}], ""attempted"": true, ""outcome"": ""validated""}]",1,0,0,1,0.0006379199999999999,2,no_action,no_action,True,0,True,,1,0,0,0,pending; see semantic_review.csv,rows.jsonl
prompt_only_m01,S02,1,long_content,mailex_raw,2026-10-03T00:44:57.420306+00:00,2026-10-03T00:45:00.652547+00:00,2847.276800079271,2844.4093998987228,1,1852,268,0,0,1,0,0.0003192,True,0.0003192,0.00015279,0,0,0,[],0,0,0,0,0.00015279,1,no_action,needs_review,False,0,True,,0,0,0,1,pending; see semantic_review.csv,rows.jsonl
no_thread_m01,S02,1,long_content,mailex_raw,2026-10-03T00:45:00.813754+00:00,2026-10-03T00:45:04.078374+00:00,2983.772300183773,2982.1132000070065,1,1337,214,0,0,1,0,0.0002407,True,0.0002407,0.00014571,0,0,0,[],0,0,0,0,0.00014571,1,no_action,no_action,True,0,True,,0,0,0,0,pending; see semantic_review.csv,rows.jsonl
no_repair_m01,S02,1,long_content,mailex_raw,2026-10-03T00:45:04.247475+00:00,2026-10-03T00:45:07.706469+00:00,3195.871400181204,3193.039600038901,1,1852,271,0,0,1,0,0.0003207,True,0.0003207,0.00015429,0,0,0,[],0,0,0,0,0.00015429,1,no_action,no_action,True,0,True,,0,0,0,0,pending; see semantic_review.csv,rows.jsonl
stability_m01,S02,1,long_content,mailex_raw,2026-10-03T00:45:07.893831+00:00,2026-10-03T00:45:16.725324+00:00,7933.215299854055,7922.73739981465,2,4087,541,0,0,2,0,0.0006792,True,0.0006792,0.00044025,0,4949.068000074476,0.00032796,"[{""stage"": ""extraction"", ""initial_error"": ""Evidence quote is absent from source: body"", ""quote_diagnostics"": [{""source_id"": ""body"", ""model_quote"": ""With the updated mutual fund NAV, the Partnership's Bank of  America LOC is= actually $112k available as of the close May 25, which was  more than the = estimated $25k-$50."", ""candidates"": [{""source_id"": ""body"", ""quote"": ""With the updated mutual fund NAV, the Partnership's Bank of  America LOC is=\nactually $112k available as of the close May 25, which was  more than the =\nestimated $25k-$50k."", ""text_similarity"": 0.9852, ""high_similarity"": true, ""critical_difference"": true, ""unique_in_source"": true, ""auto_accepted"": false}]}], ""attempted"": true, ""outcome"": ""validated""}]",1,0,0,1,0.00044025,2,no_action,no_action,True,0,True,,1,0,0,0,pending; see semantic_review.csv,rows.jsonl
full_m06,S02,1,long_content,mailex_raw,2026-10-03T00:45:16.989709+00:00,2026-10-03T00:45:21.241539+00:00,3611.459400039166,3608.3565002772957,1,2830,202,0,0,1,0,0.00768,True,0.00768,0.00768,0,0,0,[],0,0,0,0,0.00768,1,no_action,no_action,True,0,True,,0,0,0,0,pending; see semantic_review.csv,rows.jsonl
prompt_only_m06,S02,1,long_content,mailex_raw,2026-10-03T00:45:21.426222+00:00,2026-10-03T00:45:25.028217+00:00,3181.5504000987858,3180.261200061068,1,2830,226,0,0,1,0,0.00792,True,0.00792,0.00792,0,0,0,[],0,0,0,0,0.00792,1,no_action,no_action,True,0,True,,0,0,0,0,pending; see semantic_review.csv,rows.jsonl
no_thread_m06,S02,1,long_content,mailex_raw,2026-10-03T00:45:25.245294+00:00,2026-10-03T00:45:28.284501+00:00,2620.4790000338107,2619.1644999198616,1,2078,120,0,0,1,0,0.005356,True,0.005356,0.005356,0,0,0,[],0,0,0,0,0.005356,1,no_action,no_action,True,0,True,,0,0,0,0,pending; see semantic_review.csv,rows.jsonl
no_repair_m06,S02,1,long_content,mailex_raw,2026-10-03T00:45:28.505760+00:00,2026-10-03T00:45:32.086924+00:00,3135.2936001494527,3131.9510000757873,1,2830,192,0,0,1,0,0.00758,True,0.00758,0.00758,0,0,0,[],0,0,0,0,0.00758,1,no_action,no_action,True,0,True,,0,0,0,0,pending; see semantic_review.csv,rows.jsonl
stability_m06,S02,1,long_content,mailex_raw,2026-10-03T00:45:32.266167+00:00,2026-10-03T00:45:35.577308+00:00,2881.962499814108,2878.1278000678867,1,2830,178,0,0,1,0,0.00744,True,0.00744,0.00744,0,0,0,[],0,0,0,0,0.00744,1,no_action,no_action,True,0,True,,0,0,0,0,pending; see semantic_review.csv,rows.jsonl
stability_m01,S02,2,long_content,mailex_raw,2026-10-03T00:45:35.882566+00:00,2026-10-03T00:45:46.844083+00:00,9750.891100149602,9740.111200371757,2,4087,919,0,0,2,0,0.0008682,True,0.0008682,0.00062925,0,6771.269200136885,0.00049496,"[{""stage"": ""extraction"", ""initial_error"": ""Evidence quote is absent from source: body"", ""quote_diagnostics"": [{""source_id"": ""body"", ""model_quote"": ""With the updated mutual fund NAV, the Partnership's Bank of  America LOC is= actually $112k available as of the close May 25, which was  more than the = estimated $25k-$50."", ""candidates"": [{""source_id"": ""body"", ""quote"": ""With the updated mutual fund NAV, the Partnership's Bank of  America LOC is=\nactually $112k available as of the close May 25, which was  more than the =\nestimated $25k-$50k."", ""text_similarity"": 0.9852, ""high_similarity"": true, ""critical_difference"": true, ""unique_in_source"": true, ""auto_accepted"": false}]}], ""attempted"": true, ""outcome"": ""validated""}]",1,0,0,1,0.00062925,2,no_action,no_action,True,0,True,,1,0,0,0,pending; see semantic_review.csv,rows.jsonl
stability_m06,S02,2,long_content,mailex_raw,2026-10-03T00:45:47.144619+00:00,2026-10-03T00:45:50.464734+00:00,3015.9897000994533,3015.149100217968,1,2830,196,0,0,1,0,0.00762,True,0.00762,0.00762,0,0,0,[],0,0,0,0,0.00762,1,no_action,no_action,True,0,True,,0,0,0,0,pending; see semantic_review.csv,rows.jsonl
stability_m01,S02,3,long_content,mailex_raw,2026-10-03T00:45:50.728858+00:00,2026-10-03T00:45:58.467070+00:00,6986.94649967365,6975.979799870402,2,4092,583,0,0,2,0,0.0007007,True,0.0007007,0.000461875,0,3886.0987997613847,0.000328585,"[{""stage"": ""extraction"", ""initial_error"": ""Evidence quote is absent from source: body"", ""quote_diagnostics"": [{""source_id"": ""body"", ""model_quote"": ""With the updated mutual fund NAV, the Partnership's Bank of  America LOC is= actually $112k available as of the close May 25, which was  more than the = estimated $25k-$50."", ""candidates"": [{""source_id"": ""body"", ""quote"": ""With the updated mutual fund NAV, the Partnership's Bank of  America LOC is=\nactually $112k available as of the close May 25, which was  more than the =\nestimated $25k-$50k."", ""text_similarity"": 0.9852, ""high_similarity"": true, ""critical_difference"": true, ""unique_in_source"": true, ""auto_accepted"": false}]}], ""attempted"": true, ""outcome"": ""validated""}]",1,0,0,1,0.000461875,2,no_action,no_action,True,0,True,,1,0,0,0,pending; see semantic_review.csv,rows.jsonl
stability_m06,S02,3,long_content,mailex_raw,2026-10-03T00:45:58.829811+00:00,2026-10-03T00:46:02.506413+00:00,2970.845699775964,2968.8941999338567,1,2830,193,0,0,1,0,0.00759,True,0.00759,0.00759,0,0,0,[],0,0,0,0,0.00759,1,no_action,no_action,True,0,True,,0,0,0,0,pending; see semantic_review.csv,rows.jsonl
full_m01,S03,1,real_attachments,enron_export,2026-10-03T00:46:02.687413+00:00,2026-10-03T00:46:10.596730+00:00,7119.10289991647,7115.547600202262,2,2738,301,0,0,2,0,0.00042429999999999996,True,0.00042429999999999996,0.00036426000000000004,0,0,0,[],0,0,0,0,0.00036426000000000004,2,no_action,no_action,True,0,True,,0,0,0,0,pending; see semantic_review.csv,rows.jsonl
prompt_only_m01,S03,1,real_attachments,enron_export,2026-10-03T00:46:10.768741+00:00,2026-10-03T00:46:13.523092+00:00,2507.8072999604046,2506.249599857256,1,1624,183,0,0,1,0,0.0002539,True,0.0002539,0.000166085,0,0,0,[],0,0,0,0,0.000166085,1,no_action,no_action,True,0,True,,0,0,0,0,pending; see semantic_review.csv,rows.jsonl
no_external_m01,S03,1,real_attachments,enron_export,2026-10-03T00:46:13.745953+00:00,2026-10-03T00:46:17.251173+00:00,3091.909000184387,3090.381700079888,1,1624,143,0,0,1,0,0.00023389999999999997,True,0.00023389999999999997,8.801e-05,0,0,0,[],0,0,0,0,8.801e-05,1,no_action,no_action,True,0,True,,0,0,0,0,pending; see semantic_review.csv,rows.jsonl
read_all_m01,S03,1,real_attachments,enron_export,2026-10-03T00:46:17.490223+00:00,2026-10-03T00:46:20.754844+00:00,2949.051299598068,2577.8786996379495,1,3282,209,0,0,1,0,0.0004327,True,0.0004327,0.000386335,0,0,0,[],0,0,0,0,0.000386335,1,no_action,no_action,True,0,True,,0,1,0,0,pending; see semantic_review.csv,rows.jsonl
no_repair_m01,S03,1,real_attachments,enron_export,2026-10-03T00:46:21.244456+00:00,2026-10-03T00:46:26.535365+00:00,4712.718800175935,4709.928199881688,2,2735,290,0,0,2,0,0.0004185,True,0.0004185,0.00023982,0,0,0,[],0,0,0,0,0.00023982,2,no_action,no_action,True,0,True,,0,0,0,0,pending; see semantic_review.csv,rows.jsonl
full_m06,S03,1,real_attachments,enron_export,2026-10-03T00:46:26.728384+00:00,2026-10-03T00:46:33.737192+00:00,5670.394700020552,5667.202399810776,2,4441,368,0,0,2,0,0.012562,True,0.012562,0.012562,0,0,0,[],0,0,0,0,0.012562,2,no_action,no_action,True,0,True,,0,0,0,0,pending; see semantic_review.csv,rows.jsonl
prompt_only_m06,S03,1,real_attachments,enron_export,2026-10-03T00:46:33.919875+00:00,2026-10-03T00:46:37.625646+00:00,2868.5133000835776,2867.0189999975264,1,2590,171,0,0,1,0,0.00689,True,0.00689,0.00689,0,0,0,[],0,0,0,0,0.00689,1,no_action,no_action,True,0,True,,0,0,0,0,pending; see semantic_review.csv,rows.jsonl
no_external_m06,S03,1,real_attachments,enron_export,2026-10-03T00:46:37.936451+00:00,2026-10-03T00:46:41.499631+00:00,2972.583399619907,2970.5297998152673,1,2590,167,0,0,1,0,0.00685,True,0.00685,0.00685,0,0,0,[],0,0,0,0,0.00685,1,no_action,no_action,True,0,True,,0,0,0,0,pending; see semantic_review.csv,rows.jsonl
read_all_m06,S03,1,real_attachments,enron_export,2026-10-03T00:46:41.881275+00:00,2026-10-03T00:46:44.946937+00:00,2697.552800178528,2648.527500219643,1,4517,151,0,0,1,0,0.010544,True,0.010544,0.010544,0,0,0,[],0,0,0,0,0.010544,1,no_action,no_action,True,0,True,,0,1,0,0,pending; see semantic_review.csv,rows.jsonl
no_repair_m06,S03,1,real_attachments,enron_export,2026-10-03T00:46:45.308640+00:00,2026-10-03T00:46:52.580161+00:00,6144.911200040951,6141.480100108311,2,4461,381,0,0,2,0,0.012732,True,0.012732,0.012732,0,0,0,[],0,0,0,0,0.012732,2,no_action,no_action,True,0,True,,0,0,0,0,pending; see semantic_review.csv,rows.jsonl
full_m01,S04,1,real_attachments,authored_eml,2026-10-03T00:46:52.988331+00:00,2026-10-03T00:47:00.158136+00:00,6700.833499664441,6691.700699971989,2,2181,510,0,0,2,0,0.00047309999999999995,True,0.00047309999999999995,0.00038011,0,0,0,[],0,0,0,0,0.00038011,2,action,action,True,3,True,,0,1,0,0,pending; see semantic_review.csv,rows.jsonl
prompt_only_m01,S04,1,real_attachments,authored_eml,2026-10-03T00:47:00.421541+00:00,2026-10-03T00:47:04.866991+00:00,3892.7707001566887,3891.579900169745,1,1346,145,0,0,1,0,0.0002071,True,0.0002071,0.000112335,0,0,0,[],0,0,0,0,0.000112335,1,action,needs_review,False,0,True,,0,0,0,0,pending; see semantic_review.csv,rows.jsonl
no_external_m01,S04,1,real_attachments,authored_eml,2026-10-03T00:47:05.107117+00:00,2026-10-03T00:47:09.987971+00:00,4463.28269992955,4461.435999954119,1,1346,259,0,0,1,0,0.0002641,True,0.0002641,0.00014323,0,0,0,[],0,0,0,0,0.00014323,1,action,needs_review,False,0,True,,0,0,0,0,pending; see semantic_review.csv,rows.jsonl
read_all_m01,S04,1,real_attachments,authored_eml,2026-10-03T00:47:10.293758+00:00,2026-10-03T00:47:14.169244+00:00,3177.759899990633,3175.461000064388,1,1405,332,0,0,1,0,0.0003065,True,0.0003065,0.00021321,0,0,0,[],0,0,0,0,0.00021321,1,action,action,True,3,True,,0,1,0,0,pending; see semantic_review.csv,rows.jsonl
no_repair_m01,S04,1,real_attachments,authored_eml,2026-10-03T00:47:14.490247+00:00,2026-10-03T00:47:23.258428+00:00,7519.184699980542,7515.8394002355635,2,2182,549,0,0,2,0,0.0004926999999999999,True,0.0004926999999999999,0.000399735,0,0,0,[],0,0,0,0,0.000399735,2,action,action,True,3,True,,0,1,0,0,pending; see semantic_review.csv,rows.jsonl
full_m06,S04,1,real_attachments,authored_eml,2026-10-03T00:47:23.604822+00:00,2026-10-03T00:47:29.954879+00:00,5551.892699673772,5549.124699784443,2,3452,441,0,0,2,0,0.011314,True,0.011314,0.011314,0,0,0,[],0,0,0,0,0.011314,2,action,action,True,3,True,,0,1,0,0,pending; see semantic_review.csv,rows.jsonl
prompt_only_m06,S04,1,real_attachments,authored_eml,2026-10-03T00:47:30.273964+00:00,2026-10-03T00:47:33.640988+00:00,2902.184100355953,2900.907500414178,1,2104,162,0,0,1,0,0.005828,True,0.005828,0.005828,0,0,0,[],0,0,0,0,0.005828,1,action,needs_review,False,0,True,,0,0,0,1,pending; see semantic_review.csv,rows.jsonl
no_external_m06,S04,1,real_attachments,authored_eml,2026-10-03T00:47:33.890873+00:00,2026-10-03T00:47:39.675428+00:00,4853.216799907386,4849.866600008681,2,4610,272,0,0,2,0,0.01194,True,0.01194,0.01194,0,2188.069599913433,0.006222,"[{""stage"": ""extraction"", ""initial_error"": ""Evidence quote is absent from source: body"", ""quote_diagnostics"": [{""source_id"": ""body"", ""model_quote"": ""Unread external content: assignments.xlsx"", ""candidates"": []}], ""attempted"": true, ""outcome"": ""validated""}]",1,0,0,1,0.01194,2,action,needs_review,False,0,True,,1,0,0,0,pending; see semantic_review.csv,rows.jsonl
read_all_m06,S04,1,real_attachments,authored_eml,2026-10-03T00:47:39.858281+00:00,2026-10-03T00:47:43.880750+00:00,3628.7652999162674,3626.4473001938313,1,2202,483,0,0,1,0,0.009234,True,0.009234,0.009234,0,0,0,[],0,0,0,0,0.009234,1,action,action,True,3,True,,0,1,0,0,pending; see semantic_review.csv,rows.jsonl
no_repair_m06,S04,1,real_attachments,authored_eml,2026-10-03T00:47:44.188164+00:00,2026-10-03T00:47:50.636878+00:00,5789.3425999209285,5781.47599985823,2,3461,487,0,0,2,0,0.011792,True,0.011792,0.011792,0,0,0,[],0,0,0,0,0.011792,2,action,action,True,3,True,,0,1,0,0,pending; see semantic_review.csv,rows.jsonl
full_m01,S05,1,real_attachments,authored_eml,2026-10-03T00:47:50.822584+00:00,2026-10-03T00:47:57.836307+00:00,6493.620899738744,6490.8117996528745,2,2492,585,0,0,2,0,0.0005417,True,0.0005417,0.00045258500000000003,0,0,0,[],0,0,0,0,0.00045258500000000003,2,action,action,True,2,True,,0,2,0,0,pending; see semantic_review.csv,rows.jsonl
prompt_only_m01,S05,1,real_attachments,authored_eml,2026-10-03T00:48:00.057742+00:00,2026-10-03T00:48:04.257498+00:00,3658.704199595377,3657.844699919224,1,1449,156,0,0,1,0,0.00022289999999999997,True,0.00022289999999999997,0.00013071,0,0,0,[],0,0,0,0,0.00013071,1,action,needs_review,False,0,True,,0,0,0,0,pending; see semantic_review.csv,rows.jsonl
no_external_m01,S05,1,real_attachments,authored_eml,2026-10-03T00:48:04.716156+00:00,2026-10-03T00:48:08.457909+00:00,3212.621800135821,3210.825900081545,1,1449,213,0,0,1,0,0.0002514,True,0.0002514,0.00012126,0,0,0,[],0,0,0,0,0.00012126,1,action,needs_review,False,0,True,,0,0,0,0,pending; see semantic_review.csv,rows.jsonl
read_all_m01,S05,1,real_attachments,authored_eml,2026-10-03T00:48:08.865816+00:00,2026-10-03T00:48:12.372694+00:00,3056.806300301105,3054.260000353679,1,1613,260,0,0,1,0,0.0002913,True,0.0002913,0.00020321,0,0,0,[],0,0,0,0,0.00020321,1,action,action,True,2,True,,0,3,0,0,pending; see semantic_review.csv,rows.jsonl
no_repair_m01,S05,1,real_attachments,authored_eml,2026-10-03T00:48:12.553079+00:00,2026-10-03T00:48:20.648670+00:00,6854.189499979839,6850.442400202155,2,2509,578,0,0,2,0,0.0005399,True,0.0005399,0.00045120999999999996,0,0,0,[],0,0,0,0,0.00045120999999999996,2,action,action,True,2,True,,0,2,0,0,pending; see semantic_review.csv,rows.jsonl
full_m06,S05,1,real_attachments,authored_eml,2026-10-03T00:48:21.319673+00:00,2026-10-03T00:48:29.857587+00:00,7337.440199451521,7334.583899471909,2,3956,764,0,0,2,0,0.015552,True,0.015552,0.015552,0,0,0,[],0,0,0,0,0.015552,2,action,action,True,2,True,,0,2,0,0,pending; see semantic_review.csv,rows.jsonl
prompt_only_m06,S05,1,real_attachments,authored_eml,2026-10-03T00:48:30.162870+00:00,2026-10-03T00:48:33.750513+00:00,2766.1592999938875,2764.6840000525117,1,2252,168,0,0,1,0,0.006184,True,0.006184,0.006184,0,0,0,[],0,0,0,0,0.006184,1,action,needs_review,False,0,True,,0,0,0,0,pending; see semantic_review.csv,rows.jsonl
no_external_m06,S05,1,real_attachments,authored_eml,2026-10-03T00:48:34.466230+00:00,2026-10-03T00:48:39.688650+00:00,4594.353799941018,4592.359500005841,1,2252,168,0,0,1,0,0.006184,True,0.006184,0.006184,0,0,0,[],0,0,0,0,0.006184,1,action,needs_review,False,0,True,,0,0,0,0,pending; see semantic_review.csv,rows.jsonl
read_all_m06,S05,1,real_attachments,authored_eml,2026-10-03T00:48:40.096347+00:00,2026-10-03T00:48:46.038183+00:00,5426.237000152469,5424.432000145316,1,2531,671,0,0,1,0,0.011772,True,0.011772,0.011772,0,0,0,[],0,0,0,0,0.011772,1,action,action,True,2,True,,0,3,0,0,pending; see semantic_review.csv,rows.jsonl
no_repair_m06,S05,1,real_attachments,authored_eml,2026-10-03T00:48:46.447411+00:00,2026-10-03T00:48:54.127125+00:00,6879.525000229478,6875.592399854213,2,3928,704,0,0,2,0,0.014896,True,0.014896,0.014896,0,0,0,[],0,0,0,0,0.014896,2,action,action,True,2,True,,0,2,0,0,pending; see semantic_review.csv,rows.jsonl
full_m01,S06,1,links_mixed,authored_eml,2026-10-03T00:48:54.535404+00:00,2026-10-03T00:49:05.492910+00:00,10036.990500055254,10034.791300073266,2,2384,415,0,0,2,0,0.00044589999999999994,True,0.00044589999999999994,0.000356085,0,0,0,[],0,0,0,0,0.000356085,2,needs_review,needs_review,True,0,True,,0,2,0,0,pending; see semantic_review.csv,rows.jsonl
prompt_only_m01,S06,1,links_mixed,authored_eml,2026-10-03T00:49:05.900922+00:00,2026-10-03T00:49:09.678365+00:00,3483.3093001507223,3482.396600069478,1,1411,119,0,0,1,0,0.0002006,True,0.0002006,0.00010746,0,0,0,[],0,0,0,0,0.00010746,1,needs_review,needs_review,True,0,True,,0,0,0,0,pending; see semantic_review.csv,rows.jsonl
no_external_m01,S06,1,links_mixed,authored_eml,2026-10-03T00:49:09.858157+00:00,2026-10-03T00:49:13.581763+00:00,3313.5880001354963,3312.6870999112725,1,1411,243,0,0,1,0,0.00026260000000000004,True,0.00026260000000000004,0.00013588,0,0,0,[],0,0,0,0,0.00013588,1,needs_review,needs_review,True,0,True,,0,0,0,0,pending; see semantic_review.csv,rows.jsonl
read_all_m01,S06,1,links_mixed,authored_eml,2026-10-03T00:49:14.094071+00:00,2026-10-03T00:49:17.531352+00:00,3019.9835998937488,3017.892299918458,1,1536,183,0,0,1,0,0.0002451,True,0.0002451,0.000155085,0,0,0,[],0,0,0,0,0.000155085,1,needs_review,needs_review,True,0,True,,0,2,0,0,pending; see semantic_review.csv,rows.jsonl
no_repair_m01,S06,1,links_mixed,authored_eml,2026-10-03T00:49:17.882076+00:00,2026-10-03T00:49:24.641933+00:00,5289.228799985722,5286.2986996769905,2,2385,409,0,0,2,0,0.00044300000000000003,True,0.00044300000000000003,0.00035320999999999996,0,0,0,[],0,0,0,0,0.00035320999999999996,2,needs_review,needs_review,True,0,True,,0,2,0,0,pending; see semantic_review.csv,rows.jsonl
full_m06,S06,1,links_mixed,authored_eml,2026-10-03T00:49:24.836948+00:00,2026-10-03T00:49:31.268643+00:00,5819.28229983896,5817.525699967518,2,3707,449,0,0,2,0,0.011904,True,0.011904,0.011904,0,0,0,[],0,0,0,0,0.011904,2,needs_review,needs_review,True,0,True,,0,2,0,0,pending; see semantic_review.csv,rows.jsonl
prompt_only_m06,S06,1,links_mixed,authored_eml,2026-10-03T00:49:31.458725+00:00,2026-10-03T00:49:34.477985+00:00,2686.553300358355,2685.0697002373636,1,2188,184,0,0,1,0,0.006216,True,0.006216,0.006216,0,0,0,[],0,0,0,0,0.006216,1,needs_review,needs_review,True,0,True,,0,0,0,1,pending; see semantic_review.csv,rows.jsonl
no_external_m06,S06,1,links_mixed,authored_eml,2026-10-03T00:49:34.771255+00:00,2026-10-03T00:49:37.712812+00:00,2643.0299000348896,2641.9736000243574,1,2188,141,0,0,1,0,0.005786,True,0.005786,0.005786,0,0,0,[],0,0,0,0,0.005786,1,needs_review,needs_review,True,0,True,,0,0,0,0,pending; see semantic_review.csv,rows.jsonl
read_all_m06,S06,1,links_mixed,authored_eml,2026-10-03T00:49:37.878125+00:00,2026-10-03T00:49:40.967076+00:00,2830.9094000142068,2829.3082998134196,1,2379,203,0,0,1,0,0.006788,True,0.006788,0.006788,0,0,0,[],0,0,0,0,0.006788,1,needs_review,needs_review,True,0,True,,0,2,0,0,pending; see semantic_review.csv,rows.jsonl
no_repair_m06,S06,1,links_mixed,authored_eml,2026-10-03T00:49:41.230182+00:00,2026-10-03T00:49:48.134334+00:00,5929.641200229526,5927.383000263944,2,3759,493,0,0,2,0,0.012448,True,0.012448,0.012448,0,0,0,[],0,0,0,0,0.012448,2,needs_review,needs_review,True,0,True,,0,2,0,0,pending; see semantic_review.csv,rows.jsonl
full_m01,S07,1,links_mixed,authored_eml,2026-10-03T00:49:48.349404+00:00,2026-10-03T00:49:54.514628+00:00,5160.528499865904,5158.018599962816,2,2198,248,0,0,2,0,0.00034379999999999995,True,0.00034379999999999995,0.00025110999999999997,0,0,0,[],0,0,0,0,0.00025110999999999997,2,action,action,True,1,True,,0,0,0,0,pending; see semantic_review.csv,rows.jsonl
prompt_only_m01,S07,1,links_mixed,authored_eml,2026-10-03T00:49:54.848165+00:00,2026-10-03T00:49:57.924226+00:00,2800.1602001022547,2798.8513002637774,1,1367,133,0,0,1,0,0.00020319999999999998,True,0.00020319999999999998,0.00010896,0,0,0,[],0,0,0,0,0.00010896,1,action,needs_review,False,0,True,,0,0,0,1,pending; see semantic_review.csv,rows.jsonl
no_external_m01,S07,1,links_mixed,authored_eml,2026-10-03T00:49:58.092632+00:00,2026-10-03T00:50:00.683254+00:00,2283.828599844128,2282.61679969728,1,1367,126,0,0,1,0,0.00019969999999999998,True,0.00019969999999999998,7.694e-05,0,0,0,[],0,0,0,0,7.694e-05,1,action,needs_review,False,0,True,,0,0,0,1,pending; see semantic_review.csv,rows.jsonl
read_all_m01,S07,1,links_mixed,authored_eml,2026-10-03T00:50:01.197187+00:00,2026-10-03T00:50:01.197187+00:00,0.12609991244971752,0,0,0,0,0,0,0,0,0,True,0,0,0,0,0,[],0,0,0,0,,0,action,needs_review,False,0,True,,0,0,1,0,pending; see semantic_review.csv,rows.jsonl
no_repair_m01,S07,1,links_mixed,authored_eml,2026-10-03T00:50:01.504658+00:00,2026-10-03T00:50:07.547437+00:00,5210.316099692136,5207.189199980348,2,2198,277,0,0,2,0,0.0003583,True,0.0003583,0.00026561,0,0,0,[],0,0,0,0,0.00026561,2,action,action,True,1,True,,0,0,0,0,pending; see semantic_review.csv,rows.jsonl
full_m06,S07,1,links_mixed,authored_eml,2026-10-03T00:50:07.955302+00:00,2026-10-03T00:50:14.968331+00:00,5742.127799894661,5739.30580005981,2,3397,306,0,0,2,0,0.009854,True,0.009854,0.009854,0,0,0,[],0,0,0,0,0.009854,2,action,action,True,1,True,,0,0,0,0,pending; see semantic_review.csv,rows.jsonl
prompt_only_m06,S07,1,links_mixed,authored_eml,2026-10-03T00:50:15.430273+00:00,2026-10-03T00:50:18.911835+00:00,2987.4925001058728,2986.650000093505,1,2127,202,0,0,1,0,0.006274,True,0.006274,0.006274,0,0,0,[],0,0,0,0,0.006274,1,action,needs_review,False,0,True,,0,0,0,1,pending; see semantic_review.csv,rows.jsonl
no_external_m06,S07,1,links_mixed,authored_eml,2026-10-03T00:50:19.123230+00:00,2026-10-03T00:50:22.906189+00:00,3459.752299822867,3458.640600088984,1,2127,179,0,0,1,0,0.006044,True,0.006044,0.006044,0,0,0,[],0,0,0,0,0.006044,1,action,needs_review,False,0,True,,0,0,0,1,pending; see semantic_review.csv,rows.jsonl
read_all_m06,S07,1,links_mixed,authored_eml,2026-10-03T00:50:23.417083+00:00,2026-10-03T00:50:23.418092+00:00,0.12369989417493343,0,0,0,0,0,0,0,0,0,True,0,0,0,0,0,[],0,0,0,0,,0,action,needs_review,False,0,True,,0,0,1,0,pending; see semantic_review.csv,rows.jsonl
no_repair_m06,S07,1,links_mixed,authored_eml,2026-10-03T00:50:23.826966+00:00,2026-10-03T00:50:30.264892+00:00,5325.192499905825,5322.037100093439,2,3401,295,0,0,2,0,0.009752,True,0.009752,0.009752,0,0,0,[],0,0,0,0,0.009752,2,action,action,True,1,True,,0,0,0,0,pending; see semantic_review.csv,rows.jsonl
full_m01,S08,1,real_attachments,authored_eml,2026-10-03T00:50:30.484849+00:00,2026-10-03T00:50:32.736083+00:00,1844.8352001141757,1843.584799906239,1,762,99,0,0,1,0,0.0001257,True,0.0001257,0.0001257,0,0,0,[],0,0,0,0,0.0001257,1,needs_review,needs_review,True,0,True,,0,0,1,1,pending; see semantic_review.csv,rows.jsonl
prompt_only_m01,S08,1,real_attachments,authored_eml,2026-10-03T00:50:33.146623+00:00,2026-10-03T00:50:36.010939+00:00,2430.9819999616593,2429.604599950835,1,1345,112,0,0,1,0,0.0001905,True,0.0001905,9.571e-05,0,0,0,[],0,0,0,0,9.571e-05,1,needs_review,needs_review,True,0,True,,0,0,0,0,pending; see semantic_review.csv,rows.jsonl
no_external_m01,S08,1,real_attachments,authored_eml,2026-10-03T00:50:36.194480+00:00,2026-10-03T00:50:38.488723+00:00,2040.3409998398274,2039.0433999709785,1,1345,126,0,0,1,0,0.0001975,True,0.0001975,7.672e-05,0,0,0,[],0,0,0,0,7.672e-05,1,needs_review,needs_review,True,0,True,,0,0,0,0,pending; see semantic_review.csv,rows.jsonl
read_all_m01,S08,1,real_attachments,authored_eml,2026-10-03T00:50:38.702558+00:00,2026-10-03T00:50:38.703530+00:00,0.17790007404983044,0,0,0,0,0,0,0,0,0,True,0,0,0,0,0,[],0,0,0,0,,0,needs_review,needs_review,True,0,True,,0,0,1,0,pending; see semantic_review.csv,rows.jsonl
no_repair_m01,S08,1,real_attachments,authored_eml,2026-10-03T00:50:38.983226+00:00,2026-10-03T00:50:41.791584+00:00,2349.5773999020457,2347.9214999824762,1,762,95,0,0,1,0,0.0001237,True,0.0001237,0.0001237,0,0,0,[],0,0,0,0,0.0001237,1,needs_review,needs_review,True,0,True,,0,0,1,1,pending; see semantic_review.csv,rows.jsonl
stability_m01,S08,1,real_attachments,authored_eml,2026-10-03T00:50:41.974779+00:00,2026-10-03T00:50:43.947997+00:00,1691.5751998312771,1689.6326998248696,1,762,101,0,0,1,0,0.0001267,True,0.0001267,0.0001267,0,0,0,[],0,0,0,0,0.0001267,1,needs_review,needs_review,True,0,True,,0,0,1,1,pending; see semantic_review.csv,rows.jsonl
full_m06,S08,1,real_attachments,authored_eml,2026-10-03T00:50:44.164231+00:00,2026-10-03T00:50:46.728853+00:00,2336.543000070378,2335.507099982351,1,1203,126,0,0,1,0,0.003666,True,0.003666,0.003666,0,0,0,[],0,0,0,0,0.003666,1,needs_review,needs_review,True,0,True,,0,0,1,1,pending; see semantic_review.csv,rows.jsonl
prompt_only_m06,S08,1,real_attachments,authored_eml,2026-10-03T00:50:47.174702+00:00,2026-10-03T00:50:50.144322+00:00,2532.310200156644,2531.1492001637816,1,2101,150,0,0,1,0,0.005702,True,0.005702,0.005702,0,0,0,[],0,0,0,0,0.005702,1,needs_review,needs_review,True,0,True,,0,0,0,1,pending; see semantic_review.csv,rows.jsonl
no_external_m06,S08,1,real_attachments,authored_eml,2026-10-03T00:50:50.494944+00:00,2026-10-03T00:50:56.555437+00:00,4853.170200018212,4849.773000227287,2,4600,263,0,0,2,0,0.01183,True,0.01183,0.01183,0,2291.2153999786824,0.006148,"[{""stage"": ""extraction"", ""initial_error"": ""Evidence quote is absent from source: body"", ""quote_diagnostics"": [{""source_id"": ""body"", ""model_quote"": ""Unread external content: broken.xlsx"", ""candidates"": []}], ""attempted"": true, ""outcome"": ""validated""}]",1,0,0,1,0.01183,2,needs_review,needs_review,True,0,True,,1,0,0,0,pending; see semantic_review.csv,rows.jsonl
read_all_m06,S08,1,real_attachments,authored_eml,2026-10-03T00:50:56.760496+00:00,2026-10-03T00:50:56.761498+00:00,0.22620009258389473,0,0,0,0,0,0,0,0,0,True,0,0,0,0,0,[],0,0,0,0,,0,needs_review,needs_review,True,0,True,,0,0,1,0,pending; see semantic_review.csv,rows.jsonl
no_repair_m06,S08,1,real_attachments,authored_eml,2026-10-03T00:50:56.940849+00:00,2026-10-03T00:50:59.730435+00:00,2417.7795997820795,2416.247499641031,1,1203,142,0,0,1,0,0.003826,True,0.003826,0.003826,0,0,0,[],0,0,0,0,0.003826,1,needs_review,needs_review,True,0,True,,0,0,1,1,pending; see semantic_review.csv,rows.jsonl
stability_m06,S08,1,real_attachments,authored_eml,2026-10-03T00:50:59.895087+00:00,2026-10-03T00:51:02.497354+00:00,2307.9563002102077,2306.8682001903653,1,1203,128,0,0,1,0,0.003686,True,0.003686,0.003686,0,0,0,[],0,0,0,0,0.003686,1,needs_review,needs_review,True,0,True,,0,0,1,1,pending; see semantic_review.csv,rows.jsonl
stability_m01,S08,2,real_attachments,authored_eml,2026-10-03T00:51:02.681152+00:00,2026-10-03T00:51:04.870988+00:00,1961.4998998586088,1960.640599951148,1,762,102,0,0,1,0,0.0001272,True,0.0001272,0.0001272,0,0,0,[],0,0,0,0,0.0001272,1,needs_review,needs_review,True,0,True,,0,0,1,1,pending; see semantic_review.csv,rows.jsonl
stability_m06,S08,2,real_attachments,authored_eml,2026-10-03T00:51:05.197131+00:00,2026-10-03T00:51:08.166863+00:00,2221.06060013175,2219.7271999903023,1,1203,134,0,0,1,0,0.003746,True,0.003746,0.003746,0,0,0,[],0,0,0,0,0.003746,1,needs_review,needs_review,True,0,True,,0,0,1,1,pending; see semantic_review.csv,rows.jsonl
stability_m01,S08,3,real_attachments,authored_eml,2026-10-03T00:51:08.575334+00:00,2026-10-03T00:51:10.890292+00:00,1920.9610999096185,1919.7386999148875,1,762,108,0,0,1,0,0.0001302,True,0.0001302,0.0001302,0,0,0,[],0,0,0,0,0.0001302,1,needs_review,needs_review,True,0,True,,0,0,1,1,pending; see semantic_review.csv,rows.jsonl
stability_m06,S08,3,real_attachments,authored_eml,2026-10-03T00:51:11.238366+00:00,2026-10-03T00:51:14.413654+00:00,2657.058199867606,2655.777799896896,1,1203,179,0,0,1,0,0.004196,True,0.004196,0.004196,0,0,0,[],0,0,0,0,0.004196,1,needs_review,needs_review,True,0,True,,0,0,1,1,pending; see semantic_review.csv,rows.jsonl
full_m01,S09,1,limits_hostile,authored_eml,2026-10-03T00:51:14.897192+00:00,2026-10-03T00:51:20.689136+00:00,5126.233999617398,5123.063100036234,2,2180,276,0,0,2,0,0.000356,True,0.000356,0.00026325999999999997,0,0,0,[],0,0,0,0,0.00026325999999999997,2,action,action,True,1,True,,0,1,0,0,pending; see semantic_review.csv,rows.jsonl
prompt_only_m01,S09,1,limits_hostile,authored_eml,2026-10-03T00:51:20.891267+00:00,2026-10-03T00:51:24.900850+00:00,3667.8903000429273,3666.512900032103,1,1347,116,0,0,1,0,0.0001927,True,0.0001927,9.796e-05,0,0,0,[],0,0,0,0,9.796e-05,1,action,needs_review,False,0,True,,0,0,0,0,pending; see semantic_review.csv,rows.jsonl
no_external_m01,S09,1,limits_hostile,authored_eml,2026-10-03T00:51:25.164847+00:00,2026-10-03T00:51:28.650144+00:00,3198.523900238797,3196.617499925196,1,1347,122,0,0,1,0,0.00019569999999999999,True,0.00019569999999999999,7.474e-05,0,0,0,[],0,0,0,0,7.474e-05,1,action,needs_review,False,0,True,,0,0,0,0,pending; see semantic_review.csv,rows.jsonl
read_all_m01,S09,1,limits_hostile,authored_eml,2026-10-03T00:51:28.881854+00:00,2026-10-03T00:51:31.246265+00:00,2112.5522998627275,2110.6795999221504,1,1412,184,0,0,1,0,0.00023319999999999998,True,0.00023319999999999998,0.000140085,0,0,0,[],0,0,0,0,0.000140085,1,action,action,True,1,True,,0,1,0,0,pending; see semantic_review.csv,rows.jsonl
no_repair_m01,S09,1,limits_hostile,authored_eml,2026-10-03T00:51:31.408570+00:00,2026-10-03T00:51:40.052531+00:00,7597.0557001419365,7593.792100204155,2,2181,351,0,0,2,0,0.00039359999999999997,True,0.00039359999999999997,0.000300885,0,0,0,[],0,0,0,0,0.000300885,2,action,action,True,1,True,,0,1,0,0,pending; see semantic_review.csv,rows.jsonl
full_m06,S09,1,limits_hostile,authored_eml,2026-10-03T00:51:40.251546+00:00,2026-10-03T00:51:48.511885+00:00,7030.855800025165,7027.316899970174,2,3423,407,0,0,2,0,0.010916,True,0.010916,0.010916,0,0,0,[],0,0,0,0,0.010916,2,action,action,True,1,True,,0,1,0,0,pending; see semantic_review.csv,rows.jsonl
prompt_only_m06,S09,1,limits_hostile,authored_eml,2026-10-03T00:51:48.703716+00:00,2026-10-03T00:51:52.147462+00:00,2767.396000213921,2765.40350029245,1,2101,142,0,0,1,0,0.005622,True,0.005622,0.005622,0,0,0,[],0,0,0,0,0.005622,1,action,needs_review,False,0,True,,0,0,0,1,pending; see semantic_review.csv,rows.jsonl
no_external_m06,S09,1,limits_hostile,authored_eml,2026-10-03T00:51:52.505566+00:00,2026-10-03T00:51:58.741304+00:00,5084.471500013024,5082.403100095689,2,4593,256,0,0,2,0,0.011746,True,0.011746,0.011746,0,2317.162100225687,0.006124,"[{""stage"": ""extraction"", ""initial_error"": ""Evidence quote is absent from source: body"", ""quote_diagnostics"": [{""source_id"": ""body"", ""model_quote"": ""Unread external content: tasks.txt"", ""candidates"": []}], ""attempted"": true, ""outcome"": ""validated""}]",1,0,0,1,0.011746,2,action,needs_review,False,0,True,,1,0,0,0,pending; see semantic_review.csv,rows.jsonl
read_all_m06,S09,1,limits_hostile,authored_eml,2026-10-03T00:51:58.922872+00:00,2026-10-03T00:52:02.847032+00:00,3495.0693999417126,3493.53319988586,1,2209,260,0,0,1,0,0.007018,True,0.007018,0.007018,0,0,0,[],0,0,0,0,0.007018,1,action,action,True,1,True,,0,1,0,0,pending; see semantic_review.csv,rows.jsonl
no_repair_m06,S09,1,limits_hostile,authored_eml,2026-10-03T00:52:03.246679+00:00,2026-10-03T00:52:11.348360+00:00,6936.084900051355,6932.048600167036,2,3419,393,0,0,2,0,0.010768,True,0.010768,0.010768,0,0,0,[],0,0,0,0,0.010768,2,action,action,True,1,True,,0,1,0,0,pending; see semantic_review.csv,rows.jsonl
full_m01,S10,1,limits_hostile,authored_eml,2026-10-03T00:52:11.755903+00:00,2026-10-03T00:52:16.159495+00:00,3687.594600021839,3686.02789985016,1,1310,191,0,0,1,0,0.0002265,True,0.0002265,0.000130835,0,0,0,[],0,0,0,0,0.000130835,1,needs_review,needs_review,True,0,True,,0,0,0,0,pending; see semantic_review.csv,rows.jsonl
prompt_only_m01,S10,1,limits_hostile,authored_eml,2026-10-03T00:52:16.671612+00:00,2026-10-03T00:52:20.357560+00:00,3072.9942999314517,3071.7520001344383,1,1310,163,0,0,1,0,0.0002125,True,0.0002125,9.487e-05,0,0,0,[],0,0,0,0,9.487e-05,1,needs_review,needs_review,True,0,True,,0,0,0,0,pending; see semantic_review.csv,rows.jsonl
no_repair_m01,S10,1,limits_hostile,authored_eml,2026-10-03T00:52:20.766082+00:00,2026-10-03T00:52:24.863530+00:00,3377.1696996409446,3375.425099860877,1,1310,150,0,0,1,0,0.000206,True,0.000206,8.837e-05,0,0,0,[],0,0,0,0,8.837e-05,1,needs_review,needs_review,True,0,True,,0,0,0,0,pending; see semantic_review.csv,rows.jsonl
full_m06,S10,1,limits_hostile,authored_eml,2026-10-03T00:52:25.260389+00:00,2026-10-03T00:52:28.755305+00:00,2904.6609001234174,2903.675999958068,1,2045,190,0,0,1,0,0.00599,True,0.00599,0.00599,0,0,0,[],0,0,0,0,0.00599,1,needs_review,needs_review,True,0,True,,0,0,0,0,pending; see semantic_review.csv,rows.jsonl
prompt_only_m06,S10,1,limits_hostile,authored_eml,2026-10-03T00:52:29.266848+00:00,2026-10-03T00:52:32.312789+00:00,2612.813699990511,2611.1518000252545,1,2045,185,0,0,1,0,0.00594,True,0.00594,0.00594,0,0,0,[],0,0,0,0,0.00594,1,needs_review,needs_review,True,0,True,,0,0,0,0,pending; see semantic_review.csv,rows.jsonl
no_repair_m06,S10,1,limits_hostile,authored_eml,2026-10-03T00:52:32.491408+00:00,2026-10-03T00:52:35.636776+00:00,2845.784300006926,2844.5657999254763,1,2045,186,0,0,1,0,0.00595,True,0.00595,0.00595,0,0,0,[],0,0,0,0,0.00595,1,needs_review,needs_review,True,0,True,,0,0,0,0,pending; see semantic_review.csv,rows.jsonl
